-7.902930731199610360e-08,4.465700241928912198e-03
-8.215707930544567363e-12,1.080218695362691883e-06
2.613668389518913199e-17,1.365499727179475542e-12
-2.456088497594091299e-17,3.354955202539144921e-15
-1.114928292647154179e-17,1.125710635818677474e-12
8.117540250011587299e-18,1.783712066938392127e-12
-1.832857681206552340e-11,2.965815038002972415e-09
-9.863905922797861631e-13,1.355021478910423127e-07
-1.032192652624264200e-05,1.286598858668552836e-05
-7.386127300057498957e-18,1.332267629550187849e-15
1.543632843076236938e-17,8.565370634983082709e-13
-2.898913890444425150e-09,1.365437481298803490e-05
-5.664956351236760668e-17,9.718059690300151487e-13
-7.735281653490494458e-12,5.413850512336892962e-08
4.439807896328140657e-17,1.560557238988735662e-13
-1.942618165639225115e-03,8.137736292305325358e-05
-1.431241564747839836e-04,1.490865603777424830e-03
-3.870168074904256628e-15,1.494103191862494739e-09
-2.902610919521146637e-03,1.957063780388384328e-04
-7.892206565855361400e-06,6.819191095012413356e-03
-6.938893903907228378e-18,1.133410205966800532e-12
-1.387778780781445676e-17,1.227013282645295078e-13
-1.139990879472918550e-13,2.956202856023784631e-07
-2.828293155232586287e-14,2.338685928292630334e-09
-2.775557561562891351e-16,9.460748157108511691e-16
-1.415534356397074589e-15,6.905161624784494911e-10
4.440892098500626162e-16,1.012267120169621504e-13
2.220446049250313081e-16,8.986951807732346253e-16
1.665334536937734811e-16,1.689936276853820640e-12
5.551115123125782702e-17,1.895835918808153053e-14
-3.488636046711235394e-09,8.253981287082031403e-06
-9.953149415764528385e-14,6.503879481419699848e-10
-5.967448757360216405e-16,6.615757572846214796e-11
-3.640073268848520449e-14,8.552756172108994003e-09
7.998470909557029178e-18,1.381227223760087943e-14
-2.602463261710229181e-13,3.838919141505015947e-10
-2.500330697589186659e-18,1.793606184691370267e-15
-2.365182431417894859e-13,5.391758553469481232e-10
-5.094931295419283680e-06,9.346002767399576132e-05
-8.672653879906533705e-17,1.851434615470855677e-12
-8.887329489026297991e-08,2.712306612987063704e-07
8.654073299207909522e-19,2.778910546837391083e-15
1.760999680451764940e-17,2.584473358137470366e-15
1.558781192919437187e-17,2.119397243332144706e-15
4.749615490742321346e-17,2.429462984223874179e-13
-1.896183988487076063e-17,1.475084903234097988e-15
-5.330638913897586262e-01,-1.570021568601844540e-05
-1.605232488820601241e-04,8.002267450781642239e-05
4.468104793825875298e-18,1.133892208536773508e-14
-5.097592507342148943e-17,6.315559731646588925e-12
-9.691858654919347513e-05,5.173239364534674848e-04
-4.407943194478791682e-14,2.780268000553319453e-09
-2.247783271883111773e-17,9.559048439695247331e-16
1.376088387110719761e-18,4.016365862378459193e-15
1.015407744696286262e-16,8.950138405312058124e-14
7.171668770908335726e-19,2.342994265340493525e-15
-1.401826354649471362e-12,2.090821451267340909e-07
4.317401998795758015e-19,1.164565791676204032e-14
-3.374674242272407247e-05,3.826138937167259139e-05
-6.162068468332226878e-14,1.433297759250134256e-10
-8.672939753526232032e-17,4.508250212852057461e-11
-2.080193656217588227e-14,8.403102778226050836e-09
-3.361026734705063745e-15,3.085548489987682096e-10
-2.132103900983478573e-15,2.386815657526951587e-11
-3.341209950857501609e-08,2.565541224628801412e-03
-1.137580299376161483e-17,1.096469349547495545e-15
-6.984526277218554118e-08,1.646913981806288396e-07
-8.583091650817722788e-04,1.035078870480735276e-04
1.185201426110240620e-18,2.367569816941137375e-15
-1.000277660180570738e-12,1.607728157824597846e-07
-2.397382812832531894e-17,8.418088319607165209e-16
-2.487939799382214712e-11,2.538609923189313800e-09
-1.862928214468873023e-13,8.709217817888550398e-09
-4.327152281239851628e-11,6.897005740266062639e-08
-2.811921702428055170e-14,1.687810321325502715e-09
-2.009456700059579493e-08,9.614027717541894668e-08
-9.758807260548674201e-13,5.274878511801347981e-09
-1.734080147564503914e-18,1.928362860197050274e-15
-1.579295106132817036e-04,2.676815039727931046e-04
-5.168760070558414688e-11,4.365321474402824434e-09
1.766473149428429956e-18,1.338098953974242490e-14
1.585677811712234982e-17,5.320606504690765075e-16
4.261555106534393490e-18,4.265661729878812235e-13
-6.023111527489032752e-16,1.046045780235478406e-11
-5.745588466804507632e-14,1.204165257172728562e-08
-3.038590077570668452e-19,2.878843613094603864e-14
-3.392262772766718726e-11,5.177991821163557080e-06
-9.845368877797744389e-16,6.431628827519758085e-11
-1.919995195817647549e-13,8.911455176605286531e-09
-3.799331578866353889e-18,1.583802985553389548e-15
7.174137351698213156e-19,1.371721578337282217e-15
-8.385010359006697667e-08,7.960105232279704457e-02
-8.378849914239538954e-18,3.474215278996077037e-12
-1.737444145803387907e-15,2.603048166132094705e-11
3.324660528288484790e-19,1.130847949328844438e-15
-2.286135255495667906e-18,2.708314915708793344e-14
-9.052008922588816817e-04,4.415469001266257191e-07
-1.348383663849362507e-08,5.467004196484923714e-08
-6.423409980998995294e-15,1.175628692515275254e-09
-2.130538928987647208e-17,1.039885337928277391e-15
-1.813073129131037575e-11,3.283639174815403263e-07
-3.477700440991660091e-14,1.616228310915843652e-09
-2.457538296127270705e-13,5.423716008929416955e-08
-5.694514579840674520e-04,9.630062435748249980e-05
6.582008119475344568e-19,1.668316305753835614e-15
-1.323269492884944845e-06,2.163041334139519534e-03
-1.569143666185161129e-12,6.128197984593983372e-10
-2.005468905522789572e-02,1.534429212077012997e-05
-3.454625387838694550e-11,3.747586140459769943e-06
-1.314005328156842012e-11,7.594754209829837250e-07
-1.548228255668360198e-11,2.575213542729968468e-09
5.488203984356123438e-18,1.068475811357635617e-14
6.591282134884545965e-19,1.393242742591105974e-15
-4.664183535924015800e-15,2.112452203039181882e-09
-5.782961728841712334e-13,7.913674612753807605e-10
-1.500112967872668790e-14,3.328574224070210855e-08
-4.159487641472447983e-12,7.863186982294948678e-06
-4.380612720657206527e-09,1.007958820756049917e-03
4.881271790423915124e-18,1.569595947345853863e-14
2.176797590237555040e-19,1.062716024738841056e-15
-2.348164869145352718e-09,8.948780101871671834e-04
-3.818461795672065118e-15,3.766848252899779591e-11
-1.056740551630568184e-18,4.534415868877882423e-15
-3.151599814454897341e-11,4.831626687295009260e-06
7.933962631719841774e-18,1.113200663049612313e-15
-2.756501353128743004e-14,6.925155021482420407e-11
-1.125267388559576982e-17,3.292567688753111028e-13
-1.286175484692397841e-15,4.025850646668201186e-10
1.179030157908583527e-17,7.017681046621234822e-13
8.745562240841447607e-18,5.614587035480243974e-13
5.144185564654760237e-19,1.162887281057709539e-14
4.371935391656183338e-17,8.088136343354572217e-16
-1.543145174360063820e-11,1.824046075888594506e-08
-1.547617286060121167e-15,4.965909042739542502e-11
-9.192444187572021419e-10,5.293568266726333607e-08
-1.494250822251311228e-16,1.656224449978461526e-11
1.996735287297845558e-18,3.698088097128432367e-15
-3.043744726746733242e-13,5.107989018188584924e-09
-1.835662839382593097e-18,1.291596130731586281e-15
-1.191043476051530797e-06,9.176025575550623634e-03
2.145312900237949259e-18,3.199128963045136185e-15
-7.515358776371445192e-03,7.111032459736714830e-05
-5.409837809926959507e-08,1.536541313974556158e-05
-3.678811859222870517e-03,1.259769985660251436e-04
-5.476532178054147049e-15,5.292704431097396757e-11
-1.331481439860449090e-10,2.326333218344415365e-05
-1.771779049836814598e-16,3.453007515000124950e-12
-6.549367168387498772e-15,2.439398068941547503e-09
-2.362414869847354049e-14,9.791404950447564935e-10
-4.869045470631827577e-10,9.815278651205928558e-06
2.784874551751413006e-18,2.948802438609686127e-14
3.691004891188158758e-19,1.926347865322481431e-15
-1.537500668168404958e-07,5.082413903049178697e-06
-6.902224787019948058e-18,3.086450370414078832e-15
-3.891107516768715913e-07,3.772268645336699922e-01
-7.964276895342653484e-06,4.311540805737972196e-06
-1.752197667224783371e-18,1.650082900162185516e-15
6.744648735022625995e-18,7.647062228113036482e-14
-5.338993299113664603e-12,1.788658761919907992e-07
2.088164723626068110e-19,7.330850514761417992e-15
-4.068598055007727199e-07,4.893998081530334665e-01
-2.121495091145925160e-12,1.196467722215939100e-07
-3.112051470783619994e-19,6.051291686168315875e-15
-3.049986972292762137e-17,9.330360360138919541e-16
-2.628320253725484161e-04,9.991217001225534151e-04
2.729432729189780845e-19,1.458961319497809673e-15
2.498750503122636212e-18,4.537639709602321969e-14
-1.144243603893365518e-08,1.944085569316812564e-06
-6.965239275544797288e-17,9.308423371085907320e-13
-1.316928662345474502e-18,4.400601896208464117e-15
-1.545826658409625576e-16,1.185788974393952869e-11
-6.992697436716821535e-15,6.449512978888857002e-11
-1.216697977770778280e-17,2.789804495668505336e-13
-4.797923262031891789e-15,4.088812700773078968e-11
3.111194792619617641e-17,1.426813333079041849e-15
-2.172713307700978357e-05,8.120395537729759028e-04
3.481940687925615119e-18,6.233063421484509111e-14
-6.548788909582320102e-20,3.807592619057527851e-14
-5.840890873535710126e-01,-1.799623969376837879e-05
-2.397604684234444505e-15,4.519043259047198967e-11
-5.030189860564387994e-17,1.637960260093396051e-11
-2.067937871377909659e-07,2.367299300241574409e-06
-1.277802140492315455e-17,1.638568489994039908e-12
-8.936015572511349370e-08,7.600244360959881103e-06
3.574273896621234280e-18,1.250754826791557748e-13
-1.026055733606423548e-08,4.441485612714588384e-04
-9.381262585338168147e-15,5.055859061981140066e-10
4.181157758648745062e-20,9.202218321503216833e-16
-8.471288313839295259e-15,7.091622462070025439e-10
-7.321646916947765343e-18,3.169972561862079298e-12
-1.553752769213557691e-16,2.822482971583775580e-12
2.480336040970527991e-18,5.672280479998569654e-15
1.719200422141265043e-19,9.784810960678797021e-16
-2.827247644169878643e-10,8.459804657573375384e-05
2.138758803468299828e-19,9.699816014153369072e-16
-1.688321952335032454e-18,3.430122011558260002e-13
4.389278410557481388e-17,1.596244187400148704e-13
1.120323934914170465e-18,1.846157474336887928e-15
-9.885902022021587909e-09,6.481427827703241206e-08
-7.317289949866295408e-18,2.117351046614748763e-15
-1.025015673220518175e-06,2.366005779079743011e-03
2.492140709642878106e-18,2.677106348598445045e-14
-9.736290549830495245e-13,4.343878916391217621e-09
8.093515616300597164e-18,7.625163535744342084e-14
-3.522210340663883832e-09,5.644505345560868934e-06
-1.846023564588440691e-12,1.407886548090156930e-09
-4.673307222972933328e-10,1.019926406566197266e-05
-7.458042430158462466e-14,1.361050109182731000e-08
-4.895959319444398092e-05,4.959996537319767202e-06
-3.817459485419044890e-17,1.125291985386049818e-15
2.789898226406600681e-19,5.055871997609371983e-14
5.084039980186080138e-17,1.821248213021751762e-12
-6.900772813421551799e-13,2.560601675517987680e-09
-2.416985405631782817e-18,3.332927870092481214e-15
-2.241554110295890245e-15,7.323686313217079803e-11
-9.976503130559866150e-15,2.690485864839795347e-09
-8.278897494938932192e-05,6.964880425790213533e-04
1.910644112751522255e-18,3.184476609098846014e-14
-8.881712757547649181e-19,3.133842191900550729e-14
-9.063875951870192793e-15,2.489931663186119244e-09
8.881249639802196055e-18,6.263220259383661861e-14
-5.399065298138105984e-09,1.073509463701823647e-07
-9.003553653498530540e-16,4.811153439158473902e-11
-4.064587825038448732e-08,2.111907638799565245e-05
1.260442317465341005e-17,1.775616075690762270e-15
-1.524628811871639456e-15,2.351183637151233629e-10
-1.042394716203876026e-08,1.550060022955570410e-02
2.547730348733738640e-17,4.470886491004995424e-14
-3.335903737489501197e-15,3.878652882732142872e-11
-5.105236979691119004e-16,4.865242679402548112e-11
-5.234943880293163598e-13,1.002132398543281960e-07
2.082577615542874793e-17,1.949865827327883006e-15
1.188906032677976635e-17,1.734079230690629591e-13
-1.413393057106415718e-15,1.877151035767239419e-10
-6.388181033689741689e-14,1.915799312160156495e-10
-7.541387761662854405e-13,1.586888985612290857e-06
-2.534536642596766157e-05,7.625308710459847529e-06
4.589524231383423501e-17,1.225292482307298423e-15
-9.125486545775475522e-09,6.404052629278497044e-08
-1.038225488806337029e-17,2.077600814421782918e-13
-4.817664000142363699e-17,4.838624535992344618e-12
-1.732788693483084189e-12,1.316244758267542279e-09
4.560637146253966601e-18,5.146195004614256163e-14
1.973586767102519790e-19,1.056626641208540472e-12
-8.844718035229404141e-16,8.724530639008917497e-11
-8.108246669034400895e-19,4.775701639832853369e-15
-2.796558959161585863e-03,6.065995232908675443e-05
-6.289373437258326596e-19,2.532128428241370173e-15
-1.603263962562939682e-15,5.708264191370913463e-10
-5.386094681695229036e-11,3.866753136625906333e-09
-8.696063752986274431e-17,9.259871048743490439e-12
2.381909587238295947e-18,1.410263134573498288e-13
-1.865440951568427680e-08,2.425080955611797847e-06
2.122515466513863966e-19,9.070417229502609082e-15
8.176546765417751252e-18,1.328598146583935069e-14
-3.189759708536327176e-12,1.486474737366593557e-07
-1.324861173459396246e-16,1.184838159829361622e-11
-1.421582090325307357e-12,2.285842085075202423e-09
7.696882512581420394e-18,2.304800790917182150e-12
-4.439442795312314310e-11,3.584253055488180870e-09
-1.229119345365348170e-15,6.652557905154264742e-10
-1.077695952888136494e-06,1.983453922698633195e-04
-1.380366162432450361e-08,1.803158463237538681e-07
-1.346046314503173552e-15,1.718860803749893278e-11
2.096783674190232164e-18,4.109824636502860633e-15
-3.545311449394870050e-04,8.160211644052897282e-04
-3.214278090744740815e-08,3.741517136052286492e-06
-1.044738059778946571e-01,3.089686974657101192e-05
-1.754547028498532057e-13,1.130032918424187283e-09
3.256967105270698682e-19,8.185663961171241360e-16
1.822504213453179412e-17,6.147849834532999481e-14
-3.958814070829930198e-13,8.150939718232561834e-08
-3.401548790901709474e-15,1.199455776587459487e-09
1.042152280610248762e-17,6.387682632006348229e-13
-2.310667933033694332e-14,5.631686577807289867e-09
-1.035467962458638813e-14,9.556749290622721882e-11
-2.863822272277859180e-17,8.905122621864131326e-16
-2.769235650794572845e-10,3.643362638550268094e-08
-3.277754876029656726e-18,9.289713221448198984e-15
-7.601692949968982121e-16,9.397078250678242442e-12
6.747789953398796117e-19,1.073835526309040015e-14
1.615079684436225037e-18,5.461698610652247390e-15
-5.393219724980635732e-12,9.439413317658570360e-06
-4.481514677585896056e-10,4.384194312046674907e-07
2.634505043865185320e-19,7.676468091434263733e-16
-1.055479844366506407e-18,3.967794090787705011e-15
2.357199386235621862e-17,1.074165372644009288e-13
-2.150838647675562480e-19,6.292788234909948141e-15
-2.175426931422166227e-10,2.844292435302793270e-04
-4.203336382299985297e-12,1.426342251808865072e-09
-1.470172724879481585e-14,4.818338252108734834e-09
-1.091445269659399916e-19,4.355079914157729833e-15
-8.690845938114522690e-05,1.362686290311568239e-04
-1.267565860783902501e-05,1.519995610475376293e-06
1.193971573011917150e-18,6.505964758138278448e-15
-1.256977627054007077e-06,3.654657803129803938e-04
-8.347507345421445457e-08,3.841688477366635266e-06
-5.566893648842793571e-03,4.653367852965838012e-05
5.508972953921759198e-19,1.301513911013689623e-15
-5.311016878420523821e-05,1.255501503382636436e-05
-1.452140903207424852e-05,1.208099352716933157e-03
-2.833082539399622846e-09,5.619576438450817144e-04
-6.428669351288418196e-03,5.006341610776486318e-07
-2.421344379070524655e-18,1.256070431428807589e-15
5.379618330985062389e-18,8.032840209271707588e-15
3.272750846914017185e-18,1.605482859519843723e-14
-7.159270700959115968e-17,8.463494260603668609e-12
-1.769825012147910326e-05,8.943789045706791382e-03
-2.338945629928454922e-19,8.685847958358292197e-16
-5.139589247899964408e-15,4.413686755492827598e-11
-1.822497265136033967e-18,1.144904686955244999e-12
-2.125515890477971438e-16,4.635423003416666862e-12
-9.513569661094881894e-19,2.237258764319949812e-14
-2.448039435347295484e-08,9.664863453081657240e-08
-1.150541443689146374e-19,1.622007730682030322e-15
-1.352128240102168366e-10,1.658198516976298680e-04
-2.952385595084378554e-03,1.663529455060948413e-04
-3.063824049337211114e-18,2.508350744362168720e-12
-4.445110322577952577e-16,1.862434815822304169e-11
-3.553568843264048871e-14,1.578589445063782588e-09
1.260717221248400200e-17,1.327139677585483213e-13
-7.692661102044751065e-08,7.749834367688497594e-02
8.444173924638848622e-20,8.596851226406926159e-16
-1.333797289846186396e-09,4.686159160756737752e-06
-6.269248184653699717e-17,7.635309997932235177e-12
-8.812427411332857813e-13,8.584231829432539132e-10
-1.938371880540190606e-14,1.662014587477591911e-08
-7.381130849541466758e-05,3.502820453657053243e-04
-1.201915673872145382e-04,2.957048000278215917e-04
-2.253475589666182949e-18,1.418559935510280920e-15
3.179495127059732177e-19,1.057661888747806738e-15
4.796135466647813580e-18,6.232767619177790455e-14
-1.156329291649924040e-09,1.856263410116185347e-05
3.902263107014968341e-18,8.685894238494871975e-15
2.362549131772427533e-19,1.184738164819198538e-15
-7.637255628259453921e-16,4.365926687591882826e-11
-2.812023462517125594e-07,4.915332444213880617e-07
5.656036035510988817e-18,3.427094120078343260e-13
-1.505869314920998958e-08,5.000099741488899885e-05
2.766760730573979813e-19,1.176742831253089525e-15
-3.202238559379970325e-18,8.494227424735686283e-15
-5.535611032059239989e-14,4.598005089156773090e-09
-5.335989930346871774e-18,8.193316427199160254e-13
2.935056073473032639e-17,6.920183926787223991e-16
-7.178533754838983816e-14,1.686713756332551713e-10
-9.077192206956352649e-03,5.135071240758812813e-07
-3.094553693155921437e-13,5.371909694837687620e-09
1.634164705721778199e-18,3.479002369038791424e-15
-2.356611390747073362e-08,1.455506969185200000e-07
-2.657587047834048671e-17,8.173049686829341525e-13
-1.547784795295770177e-12,2.200392969797137143e-09
-4.161557573155102996e-17,2.101609430728428780e-11
-4.264967647538836504e-08,5.965049417057941179e-03
-7.038119837773177886e-09,1.251440548475487997e-07
-2.223958864289166115e-13,8.017800928010516444e-09
-7.046456500296683842e-17,1.574009127702373994e-12
-1.219194180768906621e-08,4.957033847287509873e-06
-1.835906326086661575e-16,3.653326856875209751e-12
-1.254022670802096631e-06,2.096115304013957195e-04
5.199499568424707349e-20,1.048843169301207211e-15
-5.348455836204357716e-11,1.044048937039805086e-06
-4.849743382492194277e-14,3.412282611526151510e-10
-1.207055831155268155e-14,3.035063954030298650e-08
-5.112316347448752124e-18,9.485337763970266759e-16
-4.489140911214870022e-10,3.274466946351067950e-08
-4.949235533663505493e-15,3.839749871574194335e-11
-2.884041306282485867e-17,2.079433326241102979e-12
-4.728868192209814691e-11,8.555579401681637915e-08
-4.691379659512873049e-18,2.638331896990781569e-12
-5.123581341636394837e-14,7.406752224289780011e-11
-3.026760945879885326e-18,1.235815208200956663e-15
-2.767471810991625064e-06,2.388101254144697695e-04
-6.034910095958911924e-09,9.097501769382404559e-07
-2.381287441538537664e-15,5.048712422322840679e-10
9.000162063125200587e-18,1.299940717050047788e-15
-5.941180934939050107e-19,5.217790256653341901e-15
-2.663185297291370546e-11,4.587698288036933035e-06
1.074216448130764284e-18,1.006643518494423457e-13
-8.055859243029893368e-13,5.828773590865503468e-08
-1.609498125054731332e-15,1.479837264520900139e-10
-1.229252160131477645e-14,1.953642616537511679e-08
-2.386302788708004826e-18,1.614647847057895834e-15
4.012618724342655957e-20,8.752249702643459514e-16
-3.724791471353822159e-14,1.039786743194204815e-10
-7.394446354875997343e-06,2.114148578750724497e-02
-1.320016145001101648e-16,5.999857573249754947e-12
-1.764505130442351345e-03,1.089645779206288963e-04
-7.167464050657906816e-15,7.838317404559908272e-11
-4.516078561747461501e-02,1.431618186816902640e-05
4.003053720486059365e-18,3.286645574666040980e-14
-6.166061042832404748e-16,6.921409833817685704e-11
-1.831209043706813651e-06,2.579340341445817211e-04
5.216504067295389123e-20,2.131649579303739447e-15
-2.863676595795738040e-18,5.822078905750165239e-16
1.887053344965338986e-17,2.393663006585593636e-15
-3.053477155151584910e-09,1.028494221231572798e-03
-2.972492315223701498e-12,5.082934861853368971e-09
-1.709034662920883019e-10,1.363370897428381126e-05
-8.296152122482663982e-12,5.440392049456950447e-08
-3.490091624744231895e-06,5.388718134806971355e-06
-1.423810884731285809e-14,6.748392690028899921e-10
3.521687957129706928e-18,1.529383256256682224e-14
-9.762793043657174608e-18,1.070721717807053318e-15
-3.150340198605772191e-08,1.580514817280738283e-07
-7.526049202010028864e-17,8.533926612305067933e-12
-5.542454211240107481e-18,7.222755709776253541e-13
1.841866526359575663e-18,8.584548962604915840e-14
6.389821993774668470e-19,7.160933681048898168e-16
-1.007228263901621679e-08,1.239616741943409296e-02
1.492638655638498473e-18,2.696647587528047346e-15
-2.978062936054640120e-08,9.852832477053079935e-03
7.926812253091560390e-18,1.343214361193506171e-12
-8.424110604928576260e-05,7.114737925643234255e-04
-4.962168533652810617e-06,2.874098727444042916e-06
5.985062892284382367e-18,6.458866961432262691e-15
-1.587163560301529941e-15,4.526821806749023737e-10
6.124517633646215295e-19,9.671614742638122173e-15
2.454171841799219619e-19,7.020189899059424388e-16
-3.575534396823816866e-05,3.941204484428538425e-05
-3.771353100927299362e-05,4.167009243458979039e-06
-6.572988843582138266e-03,8.290136598664476966e-05
-5.274156525197307849e-17,6.526897056592997332e-12
1.757287143936140926e-18,2.545685848440653633e-15
-4.967668529136382016e-13,8.719998407319691611e-08
-5.183766907043696470e-09,5.910092428382172396e-06
-1.898934073016182387e-17,8.295805486611794511e-16
8.415232858946618604e-18,4.628791762083304048e-15
-1.358612712349521745e-11,3.185844557556777426e-08
-2.504209498118792170e-16,1.223454444976188571e-12
-2.784546834430634554e-09,3.560579245300223624e-03
2.510089494959513116e-18,1.584688008203280434e-13
2.340140275026818262e-17,3.733157261283947012e-12
-4.661974473997576585e-15,2.102064451179638394e-10
-2.004865444125113194e-12,5.185117821347180040e-10
2.432866394513400111e-19,7.556151443077788216e-15
-1.252513378928975241e-14,7.196071288503868609e-10
-3.064580653047016545e-12,3.997132299820078434e-09
-1.019915641091027183e-17,2.876362423265219553e-15
-3.614314162431620653e-07,4.887954097035769642e-07
-9.265799289133198197e-18,3.445469565255694059e-12
-2.792555954273662211e-13,5.571888001969482526e-08
1.111524568503590353e-18,1.233334286647974492e-14
6.121989769694253242e-18,1.169008331566524347e-14
1.935817008862055240e-18,3.749623305670431361e-15
-4.338256099842285884e-14,1.313023300593845264e-10
-3.941985457403106990e-17,1.917819268763950376e-12
4.019522059301377593e-18,7.553891514868329065e-14
-1.080238459447158128e-10,2.449197067122991047e-05
-1.405920193632559378e-14,1.067849870954350355e-09
-3.122097407860791041e-09,1.255961389491524419e-03
-4.493031543605779943e-12,1.719497624813903022e-07
3.374649966820357011e-19,8.003771148175328518e-16
5.708836628371473680e-19,9.006781088298608893e-14
-4.337486316299821176e-17,1.229099192042121302e-11
-7.020471218038490391e-08,7.861108598432704303e-06
-4.725427406142290732e-17,1.915034073891149303e-11
-4.402065950290506152e-08,1.507849593429911022e-03
2.701421508210114195e-17,1.337786557893821669e-15
-5.847430002893103628e-19,9.166371524508965257e-16
-9.340363021518921158e-09,1.850589004427059232e-07
-3.605190895858203703e-17,1.100295098606564228e-15
-9.145651900729911965e-16,4.862554164593065364e-11
-4.094665982712804959e-19,9.069566870129953933e-16
-1.749362918457770578e-19,2.804568178012078631e-14
-4.435070957405432002e-11,3.729060708570191017e-09
-4.925073071810129322e-18,1.906578062161529480e-12
-4.018784323638752154e-08,4.139895218836050182e-03
3.197558531215323158e-19,9.265788108390852910e-16
1.164668067148304512e-17,1.444875218255299208e-15
1.271227047239253949e-17,4.248400164332009616e-12
-5.468580232745323677e-16,3.175635231554403537e-11
-1.262578127984859133e-11,2.911115417609480316e-07
-1.018080663040465614e-18,8.105575706883448316e-13
-4.358953519315034164e-15,1.511223547882570219e-09
-1.181680485884059606e-13,7.144434417880310132e-10
-1.970414391545827204e-12,2.183210816889425221e-07
-8.724685281392814629e-18,3.490607217174534374e-15
-2.243305383160688199e-03,2.315518286715126275e-04
9.174055033033716791e-18,3.472971282108117113e-13
5.552248029692735329e-18,3.142798568894423876e-13
-6.770660455088315516e-16,1.002114632299098172e-11
-9.100171280591873302e-10,6.079707009358570129e-07
-2.022741783097581347e-15,9.065735883539380538e-10
-8.870715821618357921e-09,1.331109398899186190e-02
-1.584673690012416980e-13,6.711906378899083238e-09
-6.484524590465862159e-10,8.249889604213820954e-04
1.257743691123205330e-17,1.742649398864756717e-15
-2.155759837134396673e-15,1.950154396011371987e-10
-6.870077155493657488e-07,1.659700000502316762e-06
-8.841162812956651228e-19,2.224181081915763605e-14
-8.293894951903746371e-09,1.241144280851931743e-02
-9.573776233590125528e-16,1.305826172175648717e-10
8.095509719344089501e-19,1.563089264918293000e-15
-3.708498223104703828e-18,1.114626701480477677e-15
-6.818403467160304154e-18,1.036798069695398455e-12
-5.317644124185605453e-18,2.515862032809746088e-15
-5.879739587550442175e-18,4.877733069016492321e-15
5.239216416123067960e-18,1.510166283553257244e-12
2.869895327927904982e-19,1.091181894465858305e-15
-2.327446829014645502e-11,3.471230091552589790e-06
-9.490292666308741687e-16,3.002225384292321653e-10
1.453591255549634685e-17,7.813323527944338170e-14
-1.566793375485020624e-17,1.878412883470321358e-15
-6.374822900595067746e-18,2.364670114305917359e-12
-7.239764791044773725e-07,2.019212391466060217e-06
-1.185390301538385982e-06,6.442406618757417179e-03
-1.893345370892682289e-12,1.327327651621074643e-07
-8.484758165158701182e-09,6.070032494026545840e-08
4.076707433191429486e-18,8.488206808548126463e-15
4.563919398924577014e-18,1.838452081004842626e-12
8.407304927311363106e-18,7.417292877625368509e-13
-9.256127671954496663e-05,9.229178540453399689e-04
-2.383991170706173390e-14,9.705086725742078435e-10
-2.349328956201268692e-13,5.228778073841414787e-08
-4.000195441087456283e-07,3.549519322894029716e-01
1.161380249749370119e-18,2.612099693738828389e-15
-5.637894284101716657e-08,1.317129350616523011e-03
-4.417038458246185656e-08,2.910566144958259528e-06
1.022215913729146086e-17,1.393086716203850377e-15
-2.060139981784753216e-15,3.393449249389789969e-11
-2.507594284127667716e-14,8.223265662713272742e-09
-5.952373468252891708e-10,7.202498930110066760e-04
6.930827485758442737e-20,1.581222289382555085e-15
-1.718584941341855861e-17,1.767019506229992867e-15
-9.505614739148155346e-05,1.342118051952357997e-03
-5.642722231563113491e-06,2.991124134205507337e-02
-1.550978405439054836e-16,1.218532305090346073e-12
4.081455333585210224e-18,4.554149135233397332e-15
4.760176271058908361e-19,2.271544161972247270e-14
-1.045873723775407882e-01,2.954149584787294099e-05
-1.354596032985730912e-11,7.523937275638366891e-08
-3.170084332570263091e-17,9.945143793908561132e-13
9.287931333602667005e-19,2.622135161762301112e-14
-8.449937154337856110e-17,3.812546286847644721e-12
6.028681521851587200e-18,1.143401865688500977e-14
1.441226559753192027e-18,1.299379869677761199e-13
-2.947555394205991774e-14,6.140700153190221949e-09
5.266539846116919570e-18,1.173930670552245820e-13
-5.761168994124210574e-13,1.669751656041401758e-09
-6.800778120253508918e-08,7.224262897414603091e-02
-3.744729949305830585e-14,1.032659014917058068e-10
-1.161222615460311136e-11,3.230229083649176794e-08
-3.815440367104655506e-07,4.620872779155788534e-01
-1.867508416382142669e-12,9.595734117265851743e-10
6.615230744719570082e-18,1.181379828495277791e-14
5.441445532280032166e-18,2.109471063440376023e-12
-6.939054176827077342e-05,1.273399837902749337e-04
-6.557525789735452193e-16,2.445179179166163163e-10
-1.520225460273361140e-13,4.015139717614202091e-09
-2.328779716721102178e-08,1.007568976989569541e-07
1.808821055091342877e-18,3.363916502208036939e-15
6.397360056769534399e-19,3.104249154302746099e-14
-7.862693005840186433e-07,1.537821341061847201e-04
-2.924602144661891945e-10,6.301381837837950639e-06
-3.078683792276382114e-11,5.045678553269964065e-07
-8.600223146484897718e-09,1.673387024980313564e-07
-2.177412674571940071e-07,2.737382823476062089e-03
-8.195286300711340788e-12,2.827080162693066325e-08
-1.562407323250054880e-02,2.972648481330686710e-05
-3.161832474660175585e-09,2.554220678286723612e-04
1.344729737444287201e-18,1.371580296008648637e-14
2.320537335280230335e-18,1.536098656216763454e-14
-1.370096101756430873e-06,1.272850107915321667e-02
-1.472125503096388677e-11,1.839163433230965475e-06
-1.051167887542586721e-17,6.737098439828203178e-13
-2.480622996998358689e-05,3.120405590016143722e-03
-3.253002688098415402e-17,1.242756455466031758e-15
-8.736289920652229313e-10,9.469715600897691437e-07
-3.178946255311034669e-08,9.549965305655589917e-04
8.270747334346208873e-18,5.212368745986163854e-13
-1.910640916313877113e-12,1.792707026091199695e-09
-5.218656337934876682e-18,3.962877511124610234e-15
3.979435601617492860e-19,1.004023530117871842e-15
3.865415002460298325e-19,5.988487576015629437e-14
4.377065516943726415e-18,1.210323384595465516e-15
-7.428379404812984060e-08,4.827869679161857612e-06
-8.279376036594313104e-18,3.343365985599667276e-15
1.371685816528104012e-17,1.166824220288468578e-13
-2.421960459335174842e-12,5.519833682435852732e-10
-1.622596642551071833e-15,2.016263407263986713e-10
-3.282735953728799227e-13,6.735311580772283764e-08
-1.612740143660347167e-17,2.931559680043675114e-12
-9.190519235945972254e-18,1.172633755691123144e-12
3.678267043231400919e-18,6.469103682176197399e-14
-2.661350014780888108e-17,9.779015594987002825e-16
-6.427624816944532693e-15,4.823274912302848684e-11
-2.546287413674115305e-03,3.451836103741641806e-05
5.256666618325486632e-19,8.897937381165118115e-14
-2.377096132780143201e-12,2.830748669789557635e-07
-2.679753195368819714e-17,1.119467034001193001e-15
-1.883843688682551587e-11,2.363102925587700894e-07
1.071687476532263235e-17,3.264532051975301241e-15
-6.216904195491344126e-18,6.709814446065033776e-13
-1.711179519478869815e-10,1.926345740649186881e-05
-6.013771837280745824e-13,1.798710505650196595e-09
1.902322792111512437e-18,4.502547683598015287e-15
-1.904732780191615432e-13,1.179279661491114464e-09
-7.167247449485145139e-08,2.387226724345617974e-07
9.880544203950969857e-19,1.618361074417879517e-14
-2.340233022653000770e-18,1.167153184151770943e-14
-2.363723426935252361e-18,3.577404981898787412e-15
-6.559671208994366509e-09,8.578692453511234384e-03
-1.213672998950187171e-17,4.772968095688509395e-14
9.957484408627589726e-19,1.827300702317395862e-14
9.585460574366719087e-19,3.481858330354103534e-15
-2.374235590334086016e-04,1.846650771135830782e-04
-1.471492105749772246e-17,4.094549530881096519e-13
1.539384738375595880e-17,9.257209341733875764e-16
-1.390294129821612046e-14,3.049059275367904450e-08
-3.038582154145765338e-06,5.746348932920235502e-04
-5.996736509698309941e-17,7.352214349730183537e-12
-1.453440774852599038e-15,2.025917790245831304e-10
-1.659436477119413667e-14,5.212174348163975793e-10
-3.549819379417007426e-11,3.990009013239208350e-06
-1.142357285155437552e-10,2.311389736457476190e-05
-1.174622898194263056e-04,8.984922661981525806e-04
-9.121882123350882887e-14,1.796471842695119074e-10
6.509127253571627531e-18,7.013776774017732903e-14
3.483125808330030595e-20,1.508355995250272286e-15
-4.014017874988048962e-08,5.034001677694176571e-03
-8.769279248067862742e-14,6.529568603280429350e-10
-1.057812332135192556e-18,2.322830476080085310e-15
1.550040806990692163e-19,8.656668161559832659e-16
-2.010282127936670327e-10,4.004246825488569930e-08
-1.519707052311403822e-09,4.895067412886380904e-06
-8.709920651059977533e-04,6.692614478510692058e-05
-8.066394480412070536e-05,6.457907336819150283e-06
-2.787392034851385314e-13,3.304061797121819287e-10
-1.875054600721979235e-16,1.586945091254285842e-12
-7.317623510448307417e-18,6.953708247367697289e-13
1.083409113073219219e-18,1.242965636332069654e-14
-5.793911357632186565e-14,7.186625659115074456e-09
-2.338332389080022364e-16,3.821612877080198443e-12
1.001887085028745232e-17,1.318081674948335928e-15
-4.365883739601561508e-13,8.327160464129925772e-08
4.632423188533768554e-18,3.261171257707739470e-12
1.655875296499272412e-17,8.295995958654671475e-13
-1.389021622241437028e-03,1.346485366551763410e-04
-4.281685256214695645e-06,2.569711957779420249e-04
-6.298448904356462874e-15,5.028364245247888641e-10
1.156155139812919589e-17,6.009849693823585459e-14
-4.213480692821791607e-17,1.352397009889965252e-11
-2.068749718482751528e-06,1.783151744284561145e-06
-1.658315412073063655e-13,9.592634442232137495e-09
-2.546187002558375490e-13,5.239996612039959424e-09
-3.700887621540648736e-07,5.463866265198782777e-07
-2.555698993164768232e-18,1.084186793047893715e-14
3.034728591676117780e-18,1.051779552817939724e-14
-6.139870784103301782e-14,1.455233153232846331e-10
-6.938184429110608176e-14,1.693308551273651938e-10
-9.107030689466111273e-11,5.503055836580006844e-08
-2.362307127256463302e-16,1.593256103328816668e-11
-5.265474945707719623e-14,1.750672489279200027e-10
3.000653920317761496e-18,1.231991359632511221e-13
6.439947037016520753e-18,6.073499769960379289e-15
-3.469423997691615842e-19,6.257707335832178993e-15
-3.450426204736761759e-09,3.567004108639863303e-04
9.165002368409936456e-18,1.350984555916294792e-13
2.352175889295018915e-17,8.581825908044941571e-16
3.405197954525666385e-17,1.017428374747341997e-15
1.739488863485725087e-18,1.260846432206301147e-14
-8.716665627142572426e-14,3.363373934711291210e-09
-2.466151398199112332e-08,2.468647131913360993e-02
-2.213815898855680045e-17,1.776059922096123051e-12
1.363373643988681147e-17,2.514979352154708441e-13
-4.274520004583304625e-17,1.968663851610258943e-12
5.729413424655326478e-19,2.262947003302197751e-15
4.445679307034103303e-18,1.515207080198485919e-14
-1.781218510361892715e-11,3.110800113986576354e-07
-3.653266858515483162e-09,5.781465754967227361e-04
-2.459398787055255831e-14,1.813991592830060853e-09
7.741854668124703402e-18,5.031356877884317296e-13
-1.651984849262988497e-09,9.307022197980143103e-05
-5.648928793808814797e-15,4.212846030412939606e-11
-8.528281746258468510e-19,2.184358808910959768e-14
-9.470957213731051420e-09,1.363400230210327737e-07
-6.504828462245532909e-07,5.827629554793247986e-04
9.465823529518008165e-18,6.889393304521575495e-15
-1.184604915797490514e-18,1.859847545367531485e-14
-8.410623759946833644e-12,1.562258474311092105e-07
-9.540625667964208745e-13,5.234105225682945088e-09
-2.998526493113362265e-08,1.192342885229165642e-07
-1.216231315556400364e-16,2.404294911686181965e-12
4.044945608101179051e-20,7.763188314891841788e-16
-1.049244655903971285e-06,2.413774986344109728e-03
-1.533807260888087054e-16,1.390854289486177626e-11
-1.404253991500780188e-08,1.736376038131733426e-02
-6.971906693457874393e-10,3.387928579931107542e-05
1.034264286288943090e-17,7.517393584404425385e-13
-2.674490762825026529e-19,6.516571498467624113e-15
-8.159987680967219301e-07,1.882505077792548475e-06
-5.030197232811597372e-19,5.606651718043427135e-15
3.385515449051438808e-18,3.084689047830725016e-15
-4.059733279893883617e-18,1.466186866983300484e-15
-2.766009063502952725e-11,1.436507946852407746e-08
-1.418160330587130331e-16,1.130476120846399422e-12
1.108969052162244594e-18,3.159463711553430802e-15
-2.023319644077134494e-08,4.991575857027470524e-03
-4.257360525128546513e-06,2.440032727336883395e-03
7.857818772559737458e-18,5.086830345446932392e-13
3.834424680810999143e-19,9.662657929312251628e-15
1.621793801123005796e-19,9.275895373648403551e-16
1.134131656982734683e-18,2.140406197743498386e-15
-1.099770638056038474e-15,2.803048471418877548e-10
-4.465480694237405346e-01,-1.447302605199755316e-05
-2.438921257335614767e-15,2.748540031803115215e-11
-1.155718858288079520e-15,3.008573631339908435e-10
2.964128271445379964e-17,1.221782327569911828e-13
-1.427005205915281641e-05,9.777217812780500394e-04
-1.392766110774878996e-15,7.083687633687703477e-10
-9.125493633736336124e-08,2.550466205345072427e-07
-9.925532075925891373e-17,5.012442499718344259e-11
-2.039545647885020185e-03,5.469360637640289922e-05
-2.028755234553120124e-11,3.787383704140842640e-08
-1.189518427334446127e-12,1.820945643829881676e-07
-4.966876658298755756e-18,1.304286556072677645e-15
1.394745635052496357e-19,8.587092790892891110e-16
-2.845168263588286039e-18,2.956352824827095861e-14
-2.023342333644786497e-18,2.595926770071258742e-15
1.198052681821449186e-18,2.365165676296998284e-15
-8.057655020640708265e-16,1.185032805413881449e-11
-2.993549960868258086e-16,1.863724088400911886e-11
4.708030805243565496e-19,5.662893374917589148e-14
2.578003394730080850e-19,8.296635024535616481e-16
1.149437776341260363e-18,2.314445800674084342e-15
-1.931239172487525524e-10,3.740631252095139264e-08
-2.396972967062382248e-14,1.142778884041128050e-09
3.048908328531654919e-18,1.356681451429449948e-13
-7.487130434322530753e-18,3.670511829738807588e-15
3.640716765734249951e-18,8.888453966037696406e-15
-4.966696270838205640e-16,2.705903514965025952e-11
-1.108058855444921803e-16,2.185452394579245849e-12
-4.748377763848145999e-16,8.672041708784044227e-12
-7.058802005502915269e-18,1.026024218272982870e-12
-1.640849452404918862e-08,6.567160708707096319e-03
1.845192494192700119e-19,8.377917674520575988e-16
-5.678860965715537903e-05,6.002887086372518340e-05
6.666578558008406075e-18,1.051571395417816621e-15
3.444487966041957124e-18,7.359093785908002118e-15
2.120308755434725627e-18,7.602135651643221823e-14
-9.639439603272058690e-07,1.661803070701566129e-04
1.876603911560254705e-18,3.712789153579240489e-15
2.053399356456230048e-19,7.276772297138579522e-15
-5.241006279872267858e-18,5.356949525223113227e-15
-1.696185879901039381e-17,1.508092958912761014e-15
-1.328914894544331454e-08,1.772464022827584945e-02
-2.118000199671007250e-05,5.212327992797709491e-05
-1.495779794084672598e-01,1.150387557637397225e-05
-4.060882422175652109e-08,1.158036691983542444e-07
-7.764539269243357633e-18,7.381691099942499691e-13
-4.832201636430612582e-05,4.987861275083146483e-05
1.800869283852339660e-18,3.824715414666937001e-15
-6.975634562610567163e-08,2.321369336793177812e-07
-6.991060291436368423e-14,2.948683683278288046e-09
-1.330651680422206828e-12,1.208179139538944575e-09
-1.221768400425787826e-12,4.049589387136068948e-09
-2.764346318176328157e-14,1.164510843191964007e-09
3.034463686277154106e-19,1.063701526937137913e-15
-2.366378523254580868e-12,2.838695463249805032e-09
8.340849236898852863e-18,7.978724296539720747e-14
-1.228027505205397940e-09,6.163774771147484773e-08
-2.618549327024211060e-10,5.345183330497000360e-06
9.153099911479546087e-18,4.181839139120926031e-15
-2.022897128777477460e-09,9.701942491638613182e-08
-1.310749322993613908e-17,2.195723372286407129e-15
-1.858008885635697993e-11,3.234603051216134508e-07
-6.441041491819885379e-05,5.777138842771550702e-04
-1.775523358980152233e-15,2.821869909626271640e-11
-3.695007035474807272e-06,3.682123031663593615e-02
-1.667272548321052650e-13,2.723762433138769901e-09
-2.074347041792351520e-12,2.394022586727323319e-09
-1.152744534116574571e-06,3.027651288742850503e-03
-5.063733720528373894e-14,6.730264588065288918e-09
7.754184622335418833e-18,2.514929387135638772e-14
-7.297688347825854345e-20,4.269945028732896116e-15
-3.990435741986052970e-17,1.200231491871465034e-12
1.245000144667508825e-18,3.092971390148633220e-15
-2.045798957756722602e-11,2.853106908196924906e-09
-4.020107218036944596e-12,6.581337731375709680e-09
3.120896815834678410e-17,1.561459863857915541e-15
1.306655943517072209e-17,9.712227790169660366e-16
-2.493838333538986318e-13,3.979981957264118101e-10
2.097824745614615505e-18,2.122788689895826190e-14
-1.421095229339752741e-11,1.922950584144469461e-06
2.276999927740594821e-19,8.683497119411496866e-16
-1.213824938998964154e-12,1.880690302874817558e-07
-3.528741351279827878e-11,9.510814689163837121e-08
-4.926011202134421285e-11,3.612220198343481719e-09
-5.306119313461948872e-16,2.012507063465946577e-10
-1.020222890543709404e-09,5.183022038196401397e-08
8.398308777541113469e-18,1.178563513679035181e-15
-4.986811185753127137e-17,2.010324504634955943e-12
-6.863840008516919333e-15,1.145959907144585195e-09
-1.282086565896223967e-05,5.490964773618084639e-06
-2.790376504619059006e-13,5.881357842525679967e-08
-9.887941912813578864e-19,3.176179725435256688e-15
-1.423073209843795170e-17,1.046853674139808881e-15
-1.557047256428058246e-12,9.531231810804981458e-08
-1.809724418174070426e-09,6.428423908159136370e-08
-1.008022958588197446e-11,8.743609610150495463e-09
-1.425476048273447316e-17,1.343775553240630715e-13
-4.936958050030077708e-06,7.087086133080929627e-06
-5.680427579360521843e-07,1.486143940827408455e-06
-1.878435262849171596e-06,1.170239700255228631e-02
-1.702442172153185995e-10,3.584646523128831006e-08
2.872362343213849669e-18,2.399246205056061248e-14
-1.250875783162519461e-10,3.003013181089000445e-05
-2.353014035866801952e-18,3.224851750558769124e-15
7.462318130797934067e-20,2.151789046576388221e-15
-4.812766667399576148e-15,3.661308320821406072e-10
-5.822040853858002213e-06,3.335837236616304849e-06
2.226282172431344214e-19,2.834458361785729021e-14
-7.328126549587671290e-14,1.535094336913856775e-10
2.197186590693158998e-17,2.387580309429697406e-14
-6.622776334199581560e-08,1.204657062050046778e-03
-1.716007435974276074e-15,1.548414857462332893e-10
-2.900246275777673688e-11,3.770597891559137487e-06
-1.979358826458969042e-03,4.455867258815499353e-05
-3.331825960961598554e-10,1.748727174123935725e-05
-4.117402491003729903e-13,1.587909165381688899e-09
-2.147059210543672547e-09,1.101093168794710939e-04
-3.014272948055184836e-07,1.930871020491437000e-06
-1.614778316689677827e-17,4.118470686984242298e-13
-2.799468338951663034e-18,1.305594646978183827e-15
-1.654717475799236809e-05,7.776310527730535306e-03
4.227452142367913625e-17,1.151240120498343279e-15
-1.113665366522798017e-15,6.178924486523265115e-10
-1.085885396358288180e-14,3.469375954672650035e-10
-4.826564198835638260e-16,7.316980355456177417e-12
3.624341484737843939e-18,7.132181878406968607e-14
6.489119408915194898e-18,4.608597920451412961e-12
-2.367880604049396598e-18,1.135060277485879254e-12
-1.474673217441652487e-08,1.583990076359471885e-07
-1.912080876815451871e-05,5.342341850802449343e-05
-1.001828040924496177e-08,1.097738799369757747e-07
2.324835354433945930e-17,1.305887388210314501e-15
-1.529023285185720539e-05,1.354056514877904004e-04
-5.586573774366888380e-05,7.893805846451881726e-04
3.927831983532018410e-18,1.757198641371943030e-14
-9.366553073679985004e-19,1.204488492738914266e-15
-3.095926429189098766e-17,9.244089139716178155e-16
-1.225868432913786166e-18,1.062937458117881117e-12
-9.284400505349399424e-13,2.985719391590727333e-09
-9.013071148225405838e-02,3.309411798569649485e-05
-8.390539630656138341e-18,1.467116372114783765e-13
5.065792210437037837e-18,1.220566089671144819e-14
2.434765438429418123e-19,8.207186281944625583e-16
2.029958324516790215e-18,5.163870542604857298e-15
-5.243954113390986160e-09,7.151794862733560319e-04
-2.479847771764574424e-17,9.475023257400026027e-13
6.052650062377288583e-18,6.237818262924243061e-15
1.146144717008311342e-18,2.055924429235022330e-15
-8.897234077959170762e-17,3.933287885254840862e-11
3.131061425428583969e-18,7.892007877303802614e-15
-5.888048915624055635e-10,6.837638383057471588e-07
-1.360698939334546048e-04,1.183641636198375265e-03
-1.284369932977313944e-08,1.716996339229983140e-02
-3.906663074563593962e-18,2.913481533625636160e-15
-8.149341315290704185e-05,1.878099805293153603e-03
-9.049663077828444535e-14,2.492063403601636013e-07
-1.671856013005235120e-14,5.814644385926403909e-09
-1.536900554669270938e-17,7.885867442938632454e-16
-4.254460371743973290e-02,2.809868262325895848e-05
-9.070103245454177803e-18,6.865849031053290067e-14
-1.347890963251523450e-18,4.653032121998229846e-15
-6.532726693829545536e-18,2.190095665590802211e-15
-6.092210357743670437e-17,7.329738167849427889e-12
8.684278083618618893e-18,8.895485866260283224e-14
-1.013709820440393365e-07,2.043671835840073746e-07
2.751805154142598250e-19,1.021579226861612604e-15
4.794841756169780644e-18,2.410659943236217762e-12
-4.416482726543125362e-18,7.829571375376893168e-13
1.194211342944693009e-17,2.709938230633110117e-15
-1.791283592809944647e-14,3.830193339919735330e-10
-1.596490310177417493e-09,5.041634946253948594e-04
-1.715796238558383452e-06,5.532106477820326017e-03
-6.357901943636334874e-13,1.129907308436241251e-07
-2.999134706200678319e-05,3.459492266956596849e-06
-4.023673314836311715e-16,7.661516345981033706e-12
-4.657728297832990777e-18,2.041500525891642171e-12
-1.293613401153522607e-08,1.502208649146071114e-02
4.904364605174864274e-18,1.187913584395740588e-14
-7.909417478607627672e-15,4.758899050152556800e-10
-5.223835470094528866e-12,5.823585453330969747e-07
1.332392039724439023e-17,1.471570430094911296e-15
-2.097641064319200055e-09,4.204296367278419428e-04
-1.412438959194628474e-14,3.540295488997649330e-08
-4.834967062133932458e-14,2.415960910835757359e-09
4.322118789443688518e-18,4.758728905466117359e-14
-7.702390754954838159e-05,6.417715737320468349e-05
-8.156295897324803042e-04,4.244228508571321837e-04
1.559162662768552501e-17,9.117270525428179346e-14
2.121286921550670157e-17,1.074211177549758132e-15
-5.691057671506401933e-16,8.272047839388363715e-12
-2.039867095225168792e-17,9.661285917865024777e-13
1.646160887385449655e-17,7.697171483170501997e-13
9.435772897969266294e-18,3.395130369276539945e-15
-2.404070285206242209e-04,1.705105908998409041e-04
-1.621250471192916230e-18,3.041798071908543448e-15
-2.363019527312076873e-06,2.373900615770097424e-04
-5.002727326986877027e-07,2.587823106178460501e-03
-6.052016526814085751e-16,7.331474390195203488e-11
-8.848657333067941333e-02,2.645606039341351519e-05
-9.093364556895904005e-17,9.231952306560649916e-12
-6.839595081704202828e-10,7.483163434196564911e-04
4.143179605177644848e-17,1.282523699947629720e-13
-8.009133791900095722e-06,1.959561836153642382e-04
-1.239266111859185044e-17,1.702075149865139248e-13
-4.022295853421849199e-06,3.198781690786030633e-04
-6.167512342849356399e-18,2.631646379186558916e-15
-1.192824945804929482e-12,1.050089973676474244e-09
2.031757027950993207e-19,1.217889808735706620e-15
-5.640002752804393338e-09,2.030133852474422587e-03
-8.289549602302770381e-14,1.757617740914563806e-08
1.691029650522042363e-18,4.750830315274629177e-15
-1.642706593798712311e-09,7.392186089860588831e-05
1.741812744698631563e-17,6.557708090139703012e-14
-3.148923325693372965e-08,2.903020224166439830e-03
4.611461087643179434e-18,7.059551107189443902e-15
-1.563912868581560176e-04,2.245844208679649123e-04
2.863741899342302919e-19,8.892222120273499234e-16
-3.059488604788274113e-07,3.948954403032607363e-01
-7.440866499341947105e-12,7.535356416496375039e-07
-3.095129273438955355e-08,3.948972616583912740e-06
1.592730892796873193e-18,1.009422935028140410e-14
3.418243438060816084e-18,1.099348030421340752e-14
-4.535917336721297100e-15,3.733226200105707447e-11
-2.834780123747021596e-09,9.411001677032839027e-05
-9.557201225756728827e-05,4.277820320519788331e-05
-1.638733636635802959e-14,5.456702256857921896e-09
-3.508911002337851241e-08,1.324633619816467839e-07
-5.363188126982290638e-08,4.201847676830877676e-03
2.060855645215844295e-17,1.126755624252756050e-13
-8.098946860379818702e-14,3.942596067269677059e-09
-2.067484746771930393e-10,4.918200719337732731e-06
-4.127923588885529238e-15,3.974440807378267042e-11
-2.410338747170504003e-11,1.802967422043280971e-07
-3.413455923470512299e-19,2.457469365210253707e-14
1.196019124201442630e-17,4.810656574600325617e-14
-2.527080032895536070e-17,5.972565379813801830e-14
1.103701135629094445e-17,2.544495255298428266e-13
-5.827749133153982321e-05,8.592167158790175183e-05
-9.034008723117058909e-17,9.053717978965027622e-12
-7.447580421295063591e-13,1.565548524810995857e-06
7.657246085579410690e-19,1.118444688062729303e-14
-4.326015697217206607e-05,1.397432667852216000e-05
1.915062520127017987e-17,1.549535378058634192e-15
-9.505139459808215063e-15,5.654137487531649899e-11
3.957992022641467491e-18,8.279086060214716219e-15
7.224992516732169166e-18,1.571805756038946278e-13
1.910964159270276678e-17,2.029425832545021914e-14
-9.840160983716960894e-04,1.636756162663499973e-04
7.303276889904187705e-19,7.901658000268478809e-14
-4.707962265801390878e-07,3.084119353930508955e-01
-3.557237553109514339e-08,4.525730868088431377e-03
-8.633281556119317725e-07,3.980776991904577461e-04
-1.514690066081736397e-14,1.971775357417559910e-08
-3.334662834221773647e-18,7.146674315627463213e-13
-3.234535206011643876e-19,7.661517057352851446e-15
-1.769135410035092702e-18,1.296533621384836569e-15
-2.546385411555940337e-13,1.380464776324211894e-08
1.472076758945429287e-17,1.281864962102403239e-15
-2.314799899504060843e-09,4.251381207566879415e-04
-5.085125707017870700e-12,2.016404103108493947e-07
-9.966489168244246910e-13,9.595810898186247329e-10
-2.142711489598256303e-06,4.099162101591166847e-03
-2.380769472389330371e-03,4.689725958418306906e-05
-6.356354184634208787e-08,3.596082139218546228e-06
1.750081828479061874e-19,1.042537409999572880e-15
4.422883119250815669e-17,1.034685829758836222e-13
1.012085349726030474e-17,3.083844755015175284e-15
-1.010596457500633199e-17,1.589773580295392853e-15
7.831123999831426149e-18,1.709129084461132186e-14
-3.241916446666132101e-12,1.248980138360055894e-07
-3.232741976944222828e-01,-5.362240182451608696e-06
-3.577292970310605447e-11,8.169057363712621820e-08
-1.837468653793916662e-12,3.530069490163743705e-09
-4.338480564131655188e-20,2.502479847730240906e-15
-2.210014838504876372e-18,1.480531386833818650e-12
3.071904363150935365e-18,1.826882761454849184e-14
-8.610176645013761787e-14,1.822473477448937362e-10
4.010429028263704670e-17,1.430100025995231310e-13
-4.014929339511696949e-12,4.732069993231528696e-07
-5.729450614899017635e-08,6.104622302620707486e-02
-3.458138003316585211e-16,5.904538758734954453e-12
5.618665059912925088e-19,1.366467784033022881e-15
-2.675139806357514603e-07,6.327903364448231556e-07
1.673451107693294395e-19,1.118854408918082418e-15
5.434589032182580119e-19,1.380709055790603498e-14
-3.035065634145878155e-12,1.018777589901984855e-08
-5.482139265114427396e-13,4.349937376132490045e-09
-1.818166809193196357e-17,8.437996606896242580e-13
-8.678049056264069971e-15,3.702241687254306418e-10
-7.591769713018331478e-02,2.593477942249731375e-05
-1.953540367666262156e-11,1.730028012020268574e-07
-6.172659958887107782e-18,1.180875337278303729e-13
-1.044143273904417357e-14,7.682076854384174124e-10
-1.940522658819623936e-07,3.644466469025697946e-07
2.237832043625633855e-18,4.710661386600421734e-15
2.069188993578948517e-18,3.188237371621631460e-14
