2.254784256196252015e-02,4.048578571768579604e-02
-2.017515696105304235e-02,1.700351124025134553e-02
-1.231013153772680946e-02,2.059741589488553459e-02
-8.171241518602864740e-03,3.228778862033279684e-03
-1.351651526459336089e-02,2.471742697089912913e-02
-8.423415344492800674e-03,-7.530466163419409498e-03
-2.139792455044005337e-02,-2.213514932163346272e-02
-2.296880022528276222e-02,1.603044063962957844e-02
2.672962826540398185e-02,-2.507357184989927879e-02
-1.021147514023448832e-02,1.106865440343451912e-02
-1.383318904874464295e-02,-2.661020353795612303e-02
-4.411852250014391963e-03,6.034114600705187126e-03
-9.328701079498957771e-03,-2.030178370379737141e-02
-2.147225280539133419e-02,-3.017604395144868334e-03
-6.581049542496941740e-03,1.671063572901282379e-02
8.100609524026938790e-02,-3.367537835118732115e-02
7.167410888238623379e-02,6.753847846549122791e-03
-2.642998492395123855e-02,2.341766113037774266e-02
8.604294686806734926e-02,-3.352724661918366628e-02
7.006673861307885498e-02,3.692739334894892117e-02
-1.237989072141215674e-02,2.251823709843150945e-02
-3.946864973274316624e-03,-2.064242225478901682e-02
-2.563403892608417944e-02,3.933107472791610992e-02
-2.225875924227699310e-02,9.042086519851055826e-03
-1.116442682482690629e-02,9.228552095774472663e-03
-2.849284388457096195e-02,2.788785345700364737e-02
-2.916414198554900805e-03,-1.457112912237695790e-02
-1.244626209838678096e-02,2.204818858867986162e-02
-1.295595036363108091e-02,2.205581603461619772e-02
-3.472632336479990374e-03,-2.078926433749930108e-02
-7.618856773717234618e-03,2.589010587637343829e-03
-1.949041374257559633e-02,-1.544457654367140803e-02
-1.478474115839674245e-02,7.103825578014881861e-03
-2.486159302893762094e-02,1.877380793588257282e-02
-6.825956879601476068e-03,1.926833616931431653e-02
-2.253265531904764460e-02,-2.430886095349786558e-02
-7.765296590157998516e-03,-1.555648525436325105e-02
-2.177527343295024634e-02,-2.036790914132676628e-02
1.062942761448449625e-01,4.349945461538516633e-02
-1.073092386972620237e-02,-2.248544703107325377e-02
-1.246702966116956107e-03,-3.540714432042491033e-02
-6.424067353929989801e-03,-1.145951407257418675e-02
-1.072151479303918610e-02,2.375720787856484481e-02
-1.096327607706740898e-02,2.482666490536025033e-02
-3.928838823136104018e-03,-1.637839605825181649e-02
-1.017789721990398563e-02,1.052998769360193911e-02
1.694638957417662350e-01,-1.425654963837918732e-01
8.142590805771778018e-02,-9.879851569532388522e-05
-3.278214140391977338e-03,-1.783150288251839771e-02
-1.117820633936567921e-02,5.005055936131624916e-03
6.771342396612117787e-02,-6.854189048643049773e-03
-2.196151124300253776e-02,7.105372958419252372e-03
-1.151171100552526166e-02,1.286361918389544029e-02
-5.853419227393290292e-03,-1.296768965265965995e-02
-2.584580551879606634e-03,-1.534543799822832982e-02
-7.033311023191929703e-03,-1.328125624240532668e-02
-2.218098444717321593e-02,1.911716349804858800e-02
-4.577952285801475084e-03,-5.586276869989502576e-03
3.353052560189103554e-02,-2.886897572576309356e-02
-2.249617869524250802e-02,-2.752492988341133720e-02
-2.081067100715312118e-02,2.504443955333130953e-02
-2.677507396314127500e-02,2.533510461152036972e-02
-1.914954049108510969e-02,8.436874025807013233e-03
-1.365648294115806398e-02,-1.879201747921703525e-02
1.693656051721584982e-02,3.537889783087235646e-02
-1.046945301405357784e-02,3.082625260304061154e-03
2.967372214282913701e-03,-4.913205653900468151e-02
8.798899777756732932e-02,-2.235180994948226391e-02
-7.145758393755411407e-03,-1.608906698792214249e-02
-2.305269201599078124e-02,1.837132615326594193e-02
-1.149905847009471613e-02,1.272395966129896520e-02
-2.069855860023205735e-02,-2.580432590296162509e-02
-2.233720871395362961e-02,4.464627245921139881e-03
-2.037099512398685142e-02,-9.218421447748890996e-03
-2.129506434547341967e-02,6.345317339658726984e-03
-6.485653657364628955e-03,-4.207645616448082299e-02
-2.190980167260597050e-02,-6.256465257539705824e-03
-9.102352693850630783e-03,-3.493257909723570392e-03
6.455043631656053049e-02,-1.312031744037342115e-02
-2.104209085795218787e-02,-3.873167636559983473e-02
-5.944606241380588976e-03,1.647688048222179652e-02
-1.296268962203405567e-02,2.505718519583353260e-02
-5.397967042407173302e-03,-1.730276717186575441e-02
-1.107647484067423270e-02,-1.330848195025043784e-02
-2.425071314964613589e-02,1.618974753510761186e-02
-4.129312106602256102e-03,6.320573707658298616e-03
-1.628187583878365832e-02,2.042720752719238975e-02
-1.519170985931228915e-02,2.716708983820447822e-03
-2.234124224716765861e-02,4.356349117085600575e-03
-9.698510604447273947e-03,1.528026795945332250e-02
-8.336670831752119454e-03,-1.509474028876970665e-02
2.257367565967413336e-01,3.819136648136274848e-01
-1.254235044013711671e-02,1.353419463039907435e-02
-1.273286829340576631e-02,-1.216668340411422231e-02
-9.309629729244593352e-03,-1.948147409762721050e-02
-4.790472169850680008e-03,-2.438692680193128848e-02
8.291204146093457406e-02,-8.590296983186128388e-02
-4.775822212035677958e-03,-5.198649791471945947e-02
-2.224294056852677698e-02,1.283362416550578103e-02
-1.125824909276697955e-02,1.283698075094296884e-02
-1.953309570274780124e-02,1.934373187646946674e-03
-2.085011733006945922e-02,3.946779246849341401e-03
-2.486015553444108697e-02,2.084136241801975292e-02
7.078007322350203523e-02,-2.493589069750287365e-02
-7.845071650574336058e-03,-2.067288526593410655e-02
3.898664999212467230e-02,1.919690681456538706e-02
-2.372401278350847603e-02,-2.781177305696155150e-02
9.507568691759081536e-02,-6.112249825735764641e-02
-1.678798434810578957e-02,1.668551101194461900e-02
-1.925026960559784311e-02,1.225839535383558936e-02
-2.166194274198137912e-02,-2.286530794005719319e-02
-3.875410312715215841e-03,-1.404608095732254487e-02
-8.294305026410495399e-03,-1.813556541838325792e-02
-3.003651546445992165e-02,3.034027867382242671e-02
-2.249437433803539929e-02,-2.238557842192830799e-02
-2.811559671529020865e-02,3.121893540149383792e-02
-1.705230294046851391e-02,4.673735229184275419e-02
1.037960379171020027e-02,3.826534545341438165e-02
-6.755290194524643521e-03,1.971625493445783306e-02
-9.565560458012606002e-03,-2.052454622624396915e-02
5.619443472249156454e-03,4.040804920897623359e-02
-1.520495713297075231e-02,-1.974853548253513447e-02
-7.058927067725562568e-03,-4.010785819439408907e-03
-1.665833237298347536e-02,2.029783808170762538e-02
-1.080683359426224018e-02,2.651127529622082646e-02
-2.222883476062040287e-02,-2.945122827758278605e-02
-9.043516320782471474e-03,-2.504154505478555642e-02
-2.185581508381763058e-02,1.707479515592513070e-02
-1.026876647181602237e-02,2.236421022650864066e-02
-1.091800194726570000e-02,2.598473430534230244e-02
-4.467370347312852978e-03,-6.388714738761177431e-03
-1.274966087304637424e-02,2.365181703078581693e-02
-2.149673432893209335e-02,-1.346559842046379449e-02
-1.423329809000076739e-02,-3.797959508289012933e-03
-1.724605248033513061e-02,-2.056675185751283969e-02
-1.293584164399459377e-02,5.123337350617266500e-03
-5.854936519620197385e-03,-1.716678477463604371e-02
-2.181453399661576614e-02,-8.703953609386994375e-04
-9.668517994103854526e-03,-3.653165595806828671e-03
1.063134369650953204e-01,1.184090728271595533e-01
-5.956799369030698829e-03,-1.915058517782145669e-02
9.651292896659996456e-02,-5.257802091593771765e-02
8.002775705249164789e-03,-2.247760614020839938e-03
8.891931880654820042e-02,-4.129526799033719775e-02
-1.534492994814980193e-02,-1.773598388506042456e-02
-1.106952657067099971e-02,2.262601288808189712e-02
-9.400404422037661120e-03,-1.619375231315169777e-02
-2.700797071947879865e-02,2.445429831228529416e-02
-1.979301088918763649e-02,1.535429131054602547e-03
-1.223492968140610371e-02,9.656418518401845702e-03
-2.709201825182880417e-03,-2.326447467191229690e-02
-8.095705827954817468e-03,-2.138337031319154785e-02
7.980550222368057445e-03,-1.296655108884235338e-02
-8.192240226360118088e-03,2.041063834517698947e-03
3.437410163663588702e-02,5.881679281072733911e-02
1.972913020196511921e-02,-3.917186478158470736e-02
-9.400789154157465979e-03,-3.710230644957339396e-03
-2.690180350862608413e-03,-5.770010698554708765e-03
-2.129233700506099475e-02,5.358514092492119851e-03
-5.460707704870194738e-03,-7.504092185573308857e-03
5.174827436891593635e-02,7.459917834888420141e-02
-2.252001855101509742e-02,8.658855704268915779e-03
-7.066393798751346988e-03,1.539183099431114254e-02
-1.082516137876147339e-02,6.396827592841132851e-03
7.266415715854328272e-02,-1.171339996349538004e-03
-8.087653461169661689e-03,-1.387074416699495341e-02
-2.815760063058589651e-03,-2.886563781007205065e-03
-5.551569499653690072e-03,-9.519127448051330903e-03
-1.536417031230005725e-02,-2.714505137057533074e-02
-6.089908217668511467e-03,-1.615991811657765519e-03
-1.181849832477350863e-02,3.577011514645262336e-04
-1.560074592073358753e-02,-1.666165838336087363e-02
-5.576723101740095091e-03,-2.524695931665032686e-02
-1.640073011219435328e-02,-2.184510221577474348e-02
-1.222085445756972144e-02,2.288208475907591369e-02
5.703182720243082926e-02,4.048930381446755322e-03
-6.321894559541032209e-03,2.202253687684707639e-02
-3.519329941743763561e-03,3.462601169244765818e-03
1.668708208721265684e-01,-1.385735233092840746e-01
-1.433568984429025965e-02,-7.017870145797574372e-03
-1.531776229111691742e-02,1.473237202525496878e-02
2.672808188096495452e-03,-1.824445334024421203e-02
-9.317342421694334992e-03,2.794851365957481005e-03
9.212747286225002330e-03,-8.462689534736743402e-03
-7.167659214213027360e-03,2.342037823064985896e-02
9.118916752401902415e-03,2.604199463499275169e-02
-1.871579325733084553e-02,3.673942842544730952e-03
-1.012748722448257588e-02,-2.352763177787741897e-02
-2.078581947748987802e-02,8.800894992949595888e-03
-1.229907483169823991e-02,1.331775448983862735e-02
-1.110998406831775233e-02,-2.148176045099304751e-02
-5.251903642537364067e-03,-1.462071315032264889e-02
-9.593562599133291513e-03,-2.097366669184482293e-02
-3.670756365413879122e-03,3.025602348457807206e-02
-9.506298933834457510e-03,-2.022597873427045556e-02
-6.036335708123957353e-03,3.203365241729093458e-04
-4.001960455102035637e-03,-1.270817002320077764e-02
-7.516267613582482653e-03,-1.963684395771393351e-02
-1.003116853738346415e-02,-4.541022907292971422e-02
-9.303683646845415864e-03,2.191618998947869948e-03
3.576345224271576528e-02,2.217242049037343454e-02
-2.568403380668844022e-03,-2.244338082176050228e-02
-2.178641258138197187e-02,-9.334002128298905451e-03
-2.294495710885065785e-03,-1.996290477575669159e-02
-8.264730588951193016e-03,-9.258886125302744768e-04
-2.294677936992127118e-02,-2.385451763275177675e-02
-1.214332416718198922e-02,1.019974734540384995e-02
-2.410947114280781456e-02,1.546865161868190945e-02
4.862424119909632830e-02,-7.616229310801775343e-02
-1.102765105931442259e-02,9.107004799607701373e-03
-3.969955434778969609e-03,6.433399926697033581e-03
-1.360810077768552506e-02,2.292992821558748409e-02
-2.155896840486742905e-02,-1.282162634061106109e-02
-7.042627676870662039e-03,1.120665235999777909e-02
-1.505002707753519409e-02,-3.240604311272491517e-03
-2.386313645746841045e-02,1.718927324517405611e-02
6.498712399373486603e-02,-2.594676678630846584e-03
-2.912115373481536339e-03,-3.730275033673288027e-03
-4.124156747195946958e-03,-2.357972820218750404e-02
-2.385803308902022593e-02,1.735995216052813039e-02
-1.819568965827079911e-03,-2.003877477670343993e-02
-1.151332775792294691e-02,-2.458916861135292120e-02
-1.417711896715004131e-02,-1.496510385943355123e-04
5.458004196683375990e-03,-6.218410765020804254e-05
-1.088584805379667550e-02,2.541673867970815903e-02
-1.974325473243338652e-02,1.143703182408653020e-02
2.891435066875598300e-02,6.867645608904664190e-02
-2.230901944375849634e-03,-1.696166849146709538e-02
-1.397608650845563218e-02,-1.363645421993199894e-02
-1.437651730400903854e-02,4.185390684810015756e-03
-2.394430028528235846e-02,1.958024360786054380e-02
-1.114279073076704721e-02,2.197440696216919689e-02
-5.124728484408910822e-03,-8.976363616017224434e-03
-1.822265949259923093e-02,1.026527985438982840e-02
-2.085209780654174658e-02,-2.096203498847871646e-02
-1.713754193195038064e-02,3.343563493208467907e-02
3.281541352625202967e-02,-4.772333972556012938e-02
-1.246054955872649694e-02,2.234232009230573829e-02
-1.139753234774611330e-02,-4.293329301634978695e-02
-4.924644921208474677e-03,-2.632909231800793781e-02
-1.065612367980886890e-02,9.983988159887099284e-04
-2.317561077126013835e-02,-2.483092196600070189e-02
-6.025718497312480479e-03,1.975548049042062659e-02
-1.022098369033729373e-02,1.572476797803852577e-02
-1.557226933814589639e-02,5.440710529424192497e-03
-6.930749246505617939e-03,-4.511945023506938428e-03
7.994696245730958939e-02,-3.782713136117025338e-02
-8.048450219044574541e-03,-6.338449732433363432e-03
-2.439826522167920508e-02,2.115420121460495975e-02
-1.790412016281021923e-02,-2.824046447045856084e-02
-1.163781235886719376e-02,2.980338719809611132e-03
-5.200717084813776328e-03,9.080513230672547162e-03
-3.988026962602781757e-03,-9.838937012679030425e-03
-5.106359205080371506e-03,-6.417492146139872240e-03
-3.184398057879529904e-03,-1.399503718971975043e-02
-2.219341381650941775e-02,7.042604382237922789e-03
-1.215204528112377724e-02,2.072739855316931522e-03
-2.217193606399787964e-02,-1.893884990545224509e-02
-1.537988496073913747e-02,2.495979203960412007e-02
-1.938410449371092206e-02,-2.779685962808265548e-02
-2.843700396255979465e-02,2.784953069316780175e-02
2.896379994528920643e-02,1.041073013263191932e-02
-7.140069157883722345e-03,-2.492593509373269151e-02
-1.257976961401778213e-02,-1.674042486402864405e-02
-5.475374665842952689e-03,-1.657561248247232250e-02
7.497577171592811895e-02,-3.209135219905193126e-03
-1.654559454981461251e-03,-7.304397890466308996e-03
1.172709504870926428e-01,-8.502807837734135954e-02
-2.009735939646307631e-02,-1.077074884521190407e-02
-9.156467394162958948e-03,-1.685985512679554280e-02
-1.833158748015776152e-03,-1.854670348034426555e-02
-2.429382025783831042e-02,1.985597194125649986e-02
-2.511836644822133466e-02,2.125593411179354728e-02
-1.029065276549723240e-02,2.488311961724270008e-02
-2.462852858980710269e-02,1.815929887550593591e-02
-1.630339887800459631e-02,-1.221432055507366832e-02
-1.144069846368088970e-02,1.203684889838710706e-02
-1.930182133128058308e-02,-1.777469252958890911e-02
-5.902019614047972727e-03,5.036197395179914035e-03
-1.295024317304842819e-02,-2.050496734723333825e-02
-4.360091427144818614e-03,-7.647773088662732609e-03
-4.733280594375111061e-03,-1.141857680014517901e-02
-1.219313182103643270e-02,4.734360065362500786e-02
-1.469899293437768387e-02,-8.189127526760178050e-03
-9.077743349286402849e-03,-1.555494432313760111e-02
-7.388047653895469906e-03,-4.255936913026741979e-03
-3.092764530717537208e-03,-9.809516617544094749e-03
-6.234909667717409426e-03,-6.096353174977347383e-03
5.621958423302628877e-03,5.672249894537700898e-02
-2.247319948553396646e-02,-2.302440650674113937e-02
-2.588248236931657911e-02,2.193049667754392099e-02
-7.332779177030152029e-03,-2.386670535661630788e-02
5.959085048051954853e-02,-1.680598846553151005e-02
2.980074263819311106e-02,-6.338127625443401580e-02
-4.356180012517460454e-03,-1.032375693111614937e-02
9.471992721995473041e-02,5.143406525521411476e-02
2.065593445695000120e-03,-1.249258833603830721e-02
8.534664071234084048e-02,-4.425562154026571604e-02
-8.528567330468410368e-03,-1.951050318635621020e-02
4.328553940611278017e-02,-5.297461438123346467e-02
5.402933956548157390e-02,9.562246716107700856e-03
4.259334083585323595e-03,3.192148342937589645e-02
8.516377863120365432e-02,-7.014846337718920466e-02
-9.811608713860048639e-03,-2.403666004203920681e-03
-8.072212505331185367e-03,2.407867058205002270e-02
-7.189986375458673473e-03,2.292066851310213191e-02
-1.180403735000897653e-02,4.789463370939823876e-03
6.409051419217576262e-02,2.695565895139521301e-02
-9.260194203966521861e-03,-8.664935890542579261e-03
-1.634635167062813491e-02,-2.098488909911756795e-02
-9.107207820368810186e-03,1.094081431134508349e-02
-9.959829888139138526e-03,-1.122409791936662682e-02
-4.281477363071007833e-03,3.822365610174753917e-03
-3.593774616974434316e-03,-4.577400344313076186e-02
-8.257018646255763830e-03,-8.834533674244596235e-03
5.604253485617738742e-04,4.664133886228439413e-02
8.811912798317195206e-02,-3.629541791348558227e-02
-1.239170885599632545e-02,1.562968977662441625e-02
-1.249048708748069260e-02,-4.138144869111695656e-03
-2.076608889739808839e-02,3.504976914238099647e-03
-5.638426522597194887e-03,1.449783157059185944e-02
2.062498829075625484e-01,3.378302453554311580e-01
-9.127933750837025767e-03,-1.147196483132647757e-02
-1.189176128973750898e-02,2.119601221823941631e-03
-1.170763799395765567e-02,5.313501834559667888e-03
-2.305451564968279479e-02,-2.464195110152923168e-02
-2.681927822346828402e-02,2.706582590593300044e-02
6.151652516558713674e-02,-6.026227679080789316e-03
6.403956526637806512e-02,-1.064406754235918892e-02
-9.738321451311227409e-03,-2.896965895479147041e-03
-9.300815306830606533e-03,-1.938050053370292056e-02
-2.653819901882902097e-03,-4.912756836244482408e-03
-7.952331540058907300e-03,1.001906322467426350e-02
-7.980737399927679415e-03,2.501199662301875973e-02
-8.565734096466375014e-03,-1.274846148026382436e-02
-1.406453594994968789e-02,4.356704267181845313e-04
5.015732697869070000e-03,-4.066626700058118687e-02
-8.773790145369362442e-03,2.323690070699330895e-02
6.186328337641416181e-03,1.175891394913350201e-02
-9.297149427842038918e-03,-2.063530961178710807e-02
-5.959018125830693041e-03,3.412648583843731070e-03
-2.267559890906635511e-02,9.102791279862878365e-03
-7.822946525663228984e-03,3.444804756624838833e-04
-1.273321250878109434e-02,2.416746879129903422e-02
-2.181168072222127233e-02,-2.569157790118145948e-02
1.045903596947060643e-01,-8.682836345799693767e-02
-2.192079537828736657e-02,-8.915554784778576339e-04
-5.977683370003089060e-03,-1.621841740066638088e-02
-2.905487917174086679e-03,-2.540648311717123853e-02
-1.451167390207398072e-02,-2.728404697825981273e-02
-2.232409683843545808e-02,-2.017522329940464598e-02
-1.624586282230211509e-02,2.027825806777161857e-02
1.935910677461198312e-02,4.186218350422318824e-02
-1.059357935785092825e-02,-2.553686243268071115e-02
-2.225370111105275106e-02,1.727302456129712130e-03
-1.039303403299990901e-02,-2.251294250776063322e-02
-3.273046104557631591e-03,-1.043211445306217299e-03
-9.435196524446555488e-03,-1.469827361527347408e-02
2.691266663237182333e-02,5.939845303941832660e-03
-1.005385055155897170e-02,-2.340822259398418759e-02
-1.715736480846320744e-02,3.455437901203831617e-03
-1.821990817923367992e-02,-1.611244277217036350e-02
-2.899713708177436081e-02,3.412797494480822313e-02
-1.144762466996782427e-02,1.580360360603220646e-02
-1.878434877133542541e-02,-2.109093066638251940e-02
-1.740015880980876409e-02,-2.316397765487324470e-02
-8.769254746280414833e-03,-7.430546941816719778e-03
-1.983461618751509656e-02,-8.567678172291506161e-03
-1.208518059947317688e-02,1.450203891456617808e-02
-2.549259441146992447e-02,-3.108388929571750600e-02
-9.900878485026288339e-03,-1.545125381328677893e-03
1.248768769393867190e-01,9.318599707549253541e-02
-7.576908887934625386e-03,-1.486891719900523302e-02
-2.142089540260081262e-02,1.354939110844080238e-02
-1.133902776219666321e-02,1.915704789788192849e-02
-6.717918004721722819e-03,-4.949907032501362630e-03
-1.591857505088948091e-02,2.346557631338970495e-02
-4.635837789905535369e-03,6.805339146816648775e-03
-2.324195833843348269e-02,1.267376855143162451e-02
-1.695592106111337358e-02,6.139704663708524073e-03
-2.817326960142796724e-02,2.962094212528049511e-02
-9.491234318570870507e-03,1.609032649143228230e-02
-1.015284790784227488e-02,-2.379023453021898368e-02
-2.052216551457781979e-02,-2.467238489518253433e-02
6.025114555351759882e-02,3.984691095353500023e-02
-1.093304401746171203e-02,-5.797605900279966841e-03
8.129399149852209461e-02,-3.124172232457803414e-02
-1.591131386877006962e-02,-9.687853187098319219e-03
1.033062389353874011e-01,-7.267916914780209181e-02
-2.117969962171371151e-03,-2.079428582809168119e-02
-1.478104873583925907e-02,6.477211261360766442e-03
1.423054809376384788e-01,1.488563126224947686e-01
-8.976708478104165542e-03,-2.313099234910507424e-02
-1.179829737985459148e-02,1.627090139332450919e-02
-1.091638236949818951e-02,2.331017640452091519e-02
7.152929584456865428e-03,3.892908317897641329e-02
-2.201412299029974207e-02,-1.516419695531911332e-02
-1.215832768919358764e-02,1.784374217589346223e-02
-2.144846400262615665e-02,-3.337657641207098652e-03
1.600742801321181769e-02,-2.247858125370643528e-02
-1.899826303247439258e-02,2.364555768305073163e-03
-7.162884625509174409e-03,2.269593282063646356e-02
-1.037422362455439964e-02,2.532162873157602773e-03
-4.103881355733723924e-03,-2.902102292683093887e-02
-1.162700831054945191e-02,3.760457412602388489e-03
-6.686263908171391837e-03,-1.394376897198912335e-02
-3.643448071451957718e-03,-1.937564292459594863e-03
-1.198273793668053720e-02,1.699792490959608354e-02
1.788906076183554086e-02,5.371301857039821603e-02
-6.705963680685628203e-03,-1.722961629159970587e-02
2.135593778986687521e-02,4.574123733549458060e-02
-1.154261333163422026e-02,1.829459791283933809e-02
6.570961258206445277e-02,-2.446785925884409005e-03
1.608484480833357461e-02,-4.069466174755258930e-02
-8.280281279145906490e-03,2.322268928666260807e-02
-2.208990101015174609e-02,1.625876421980311515e-02
-6.297368100314451426e-03,1.554956838059345925e-02
-9.105658756209795285e-03,-1.740063963502300887e-02
3.308822774158609592e-02,-3.308733441376085493e-02
4.751849752857074949e-02,-7.999630706199467589e-02
9.522806783379840490e-02,-5.014309482515753869e-02
-1.115347061937648800e-02,4.923119217064326689e-03
-6.706624760438934484e-03,-1.893049279960840395e-02
-2.371198146385160993e-02,1.725669702468514768e-02
-6.567345700873061451e-03,-6.906650662006109942e-04
-1.158092231151878343e-02,1.338130539287566215e-02
-8.959776605946656591e-03,2.427520165369274202e-02
-2.153970775344155736e-02,-9.949220547061137648e-03
-1.877591797222635112e-02,-2.856466861930754414e-02
1.358083982422202650e-02,5.308057961944366576e-02
-4.910990130428928568e-03,-2.030347339340540791e-02
-1.415876957565158009e-02,2.094650514591599524e-02
-1.668414920393699111e-02,1.370718242603126760e-03
-2.450632749313431252e-02,-3.168695275434574299e-02
-5.418993648505277677e-03,1.306421155128989313e-02
-1.977701147562497402e-02,5.048689870373038700e-03
-2.215115984051452616e-02,-1.817508519988291979e-02
-8.739387838938378339e-03,6.915354343128138175e-03
8.337365390661696796e-03,-4.137376517259341857e-02
-1.259248457140692279e-02,1.267750573471004491e-02
-2.423046550199891430e-02,1.766046987207749858e-02
-7.574645250740431532e-03,2.838256160457325317e-02
-3.622161304174367595e-03,-1.549324577874382561e-02
-5.728360295735484761e-03,-1.670886094951406359e-02
-2.035007288006951062e-02,-2.257238145952840391e-02
-8.536154063831787736e-03,-1.002549136646778763e-02
-6.394748011832336772e-03,2.148373967130588758e-02
-9.308656082787348379e-03,2.622390758150842938e-02
-2.117674711333655119e-02,8.287743296536300916e-03
8.546684725030229135e-03,4.373477790217733530e-02
-2.173214192858662422e-02,5.650046973589282692e-03
-9.144078398669971963e-03,-1.657661438079868071e-02
-4.814571644129433947e-03,4.362640069325718004e-03
-1.440246794920060219e-02,1.363400962538055192e-02
7.111527277253911969e-03,-7.556749510790911929e-03
-1.636023079096687871e-02,1.648001275411737493e-02
1.716690976309965394e-02,2.944565061879497389e-02
-1.202857840714677620e-02,2.120120522286635112e-02
-9.380829994672372496e-03,-7.022353953540411836e-03
-7.955125278914867287e-03,-2.137315013219299314e-02
-1.107486243964440377e-02,9.788169858192048017e-03
-1.448967027058540094e-02,1.708364795953155576e-04
-9.341567303624606633e-03,-7.729479173383590508e-03
-3.701062775171263738e-03,1.950246621215507084e-03
-2.158948597656079604e-02,-4.320931605243057139e-02
-1.078584225009341160e-02,1.172924524311366734e-02
1.799674048354431288e-02,3.871423566811074690e-02
-9.025282481840920384e-03,-1.489097871054556772e-02
-1.121564217817296732e-02,2.009137593472029928e-02
-1.414358003222863751e-02,1.947704021348794015e-02
-1.347904037808168518e-02,-3.350316878065970078e-04
-1.944222888125013773e-02,6.023463102414118586e-03
-8.391901876595792703e-03,9.641965035560053771e-03
-2.546860433249515526e-02,2.142463196293806910e-02
-1.996657219547234158e-02,-1.502574001559463072e-02
-2.213103516068907692e-02,1.345562030523423866e-02
-8.164748164753665022e-03,6.018248581176230752e-03
8.411986734009760380e-02,-2.694342980288069733e-02
-4.743833634302687015e-03,-1.761504970821507754e-02
-6.871979109645897678e-03,1.276252468372367915e-02
-1.150231959817759469e-02,-1.753687855664106537e-02
-1.189072858191478343e-02,-1.075753867208503224e-02
-2.836418093296944054e-02,2.705309404576685881e-02
3.148068944144948728e-02,7.334523803878982562e-02
-2.215960727638306704e-02,3.733669591731023779e-03
9.398426421480605281e-03,5.347442263349538177e-02
-1.100508175559555823e-02,2.541451270686564262e-02
-1.766905720548887088e-02,6.753152626697540330e-03
5.274621587511239482e-03,-2.846895274547479524e-02
-4.356974498734975630e-03,5.373908914135213863e-03
2.508273780835040823e-02,6.535602452956493225e-02
-1.747932457071316864e-02,1.078359602430239289e-02
-8.145159566079404612e-03,-1.618818396608867269e-02
-9.951503456660085178e-03,-5.819190757427629423e-04
-8.261752731953935641e-03,-4.101703337771491278e-03
-8.112971562260248848e-03,1.166268066140195916e-02
-7.045930182777293029e-03,6.616684600410493305e-03
-1.459406243420536750e-02,2.607405800195337214e-02
-9.374818686292441319e-03,-2.014097277300164884e-02
-1.762367273370881240e-02,1.963905044031158745e-02
-2.072308501118073562e-02,1.661355020591048781e-02
-2.190028177848252731e-03,-1.918844918582447018e-02
-9.806738712830024782e-03,7.567004888579498614e-03
-1.159758738580734388e-02,1.196087398341522286e-02
7.432848178337577057e-03,-2.328446587556893405e-02
3.968234551759514117e-02,3.216178293631145879e-02
-2.237708227860007310e-02,1.103861908402722913e-02
-1.010162342094227637e-02,-3.743511698361833007e-02
-4.120094626000631033e-03,-1.360634441739136564e-02
-1.249955157165316341e-02,1.796260483870105312e-02
-1.019456979714561916e-02,1.947461852315117078e-02
6.664974102257947841e-02,3.079597095977625043e-04
-1.978435649184738868e-02,1.349117292088105160e-03
-2.508677238799744691e-02,2.240873005835641169e-02
3.491177190111915962e-02,5.572491251115432170e-02
-6.747552124594253728e-03,-1.443579446333544125e-02
1.814610317025833891e-02,2.392552441089320844e-02
-1.431275766555290679e-03,-1.203628666525921424e-02
-1.111231014090638403e-02,1.981409045863554222e-02
-1.370622524892420313e-02,-9.316307571692836534e-03
-2.636878565468854518e-02,2.406645463693695211e-02
7.488590211578053518e-03,5.104979692339657593e-02
-9.436825619049052719e-03,-2.303021562032123853e-02
-1.002127600245741358e-02,6.649749738702260757e-03
6.720993846006155514e-02,5.643105995500849112e-03
5.664768548653390662e-02,4.365056042459216495e-02
-1.755286475239813473e-02,-2.798830142672194266e-02
-5.337926160751213338e-03,-1.935928110109689029e-02
-8.216800768066917157e-03,2.859857460458369721e-02
1.187216121585105005e-01,-8.680357867721558152e-02
-2.075473129749942983e-02,-3.816423377522252386e-03
-7.853010854800028182e-03,-1.616494911497146775e-02
-7.301360809223881275e-03,2.741252426594809749e-02
-1.030388118352693061e-02,-6.818196276812456963e-03
-3.225640116903002140e-03,-1.327239024643545387e-02
-5.486455899748764534e-03,8.082267132063798015e-03
-2.377824417243890737e-02,1.490768214110157509e-02
-6.921290059942309877e-03,2.159805355668642513e-02
-2.169270742826821460e-02,-1.710150841914005043e-02
2.686029218275524932e-02,5.585977679157717868e-02
-2.061071008750592695e-02,-2.499421228565970945e-02
-2.170383294745197728e-02,-8.831667773505965519e-03
4.442558753476354844e-02,7.529395392326564129e-02
-2.324375740657010428e-02,-2.599661975780817591e-02
-3.311691746069315555e-03,-1.396864727449370971e-02
-1.633205219005241446e-02,2.653021134970462783e-02
5.553809722214963357e-02,-1.763694983970117564e-02
-2.226574459503401215e-02,2.070885620342735600e-02
-2.163013610219058358e-02,1.415861128310200385e-03
-4.910767221874651374e-03,-4.288450874514238009e-02
-5.942552985435726326e-03,-1.703224013189144972e-02
-3.419025500460636056e-03,-2.365311891953125745e-02
2.069391572252768721e-02,6.740680133029848184e-03
-1.490125449459735012e-02,8.519597022807256365e-03
-1.750825450673670208e-02,7.701517274323671156e-04
-8.846183948396108693e-03,-2.169329024652780213e-02
2.611182116635624509e-02,3.534119032315821696e-02
-2.190605543223706972e-02,-6.830035715461495530e-03
9.360530191607691064e-02,-5.565920878262115012e-02
3.795503946199147230e-03,2.383025862019502381e-02
-7.462440189835839628e-03,2.755478027877338379e-02
-7.106439544057248890e-03,2.505027502892622285e-02
4.225734468054740539e-02,3.715510639893755684e-02
-1.904352594459125456e-02,1.621501847517001910e-02
-6.643592953101211049e-03,-1.645238577175136413e-02
6.105122481227503312e-02,1.530014423358401314e-02
-1.072900680816299759e-02,8.826921871984824350e-03
-1.167742436874408436e-02,-6.739445571627422638e-03
1.279102211044516949e-02,2.372367834780206991e-02
-5.817364323056308482e-03,-1.370783838391829816e-02
-2.256286359962817942e-02,-2.212813250366701262e-02
-7.012112761042705450e-03,1.596811153046902038e-03
-9.109144113396744694e-03,-1.823910820077045622e-02
-3.610882877060924041e-03,3.301337588997353169e-03
-1.047539013159258514e-02,1.843653613739883179e-02
3.700317021176148351e-03,-1.067201380669880600e-02
-8.149446377652958678e-03,4.501298086984914862e-03
-3.680651943177138882e-03,-7.836655297029808398e-03
-2.360440621658855750e-02,-3.103578037977399590e-02
-1.861878735347659644e-02,9.964438846911411601e-03
-2.444798253618431227e-02,2.241241784775635862e-02
-1.154959972311110465e-02,9.135680993235315364e-03
-9.056322783109607005e-03,-2.875037414392610062e-03
-2.957429987809045632e-03,-3.446772998168513846e-03
-1.067545605692789626e-02,5.833118022138785580e-03
-1.740357176676846432e-02,-2.124459290901274666e-02
8.206459984519064166e-02,-4.539154361562044993e-02
-4.786174379446211241e-03,4.110415078150071559e-03
-2.196583178709149431e-02,1.417855114166598207e-02
-1.092106909443117495e-02,1.113207005420161280e-02
-1.940219869981211695e-02,-1.196330418806159680e-03
-9.631141320026976455e-03,2.458682412341703025e-02
-6.669871547727030357e-03,-1.535848006882754163e-02
-1.036728164453422016e-02,2.060319047799919617e-02
-2.167408819928623442e-02,-1.665519987447278139e-02
-5.614815673869154485e-03,-1.464413701165058306e-02
-2.062014514671883444e-02,-9.249883235006910176e-03
-1.853338008069516790e-03,-3.190768232442827562e-02
-7.467771257270563144e-03,2.826099972680779643e-02
-5.322788005567903082e-03,6.150151517236587297e-03
-7.838981815007512940e-03,1.383124754486183411e-02
1.784102112275754923e-02,5.625295689974688096e-02
-2.565061853090513586e-03,-2.610335307935873761e-02
-7.502951455367717383e-03,2.790725468352444824e-02
-5.948206118693833561e-03,-1.158958965429413880e-02
6.770584533056434040e-02,-1.825368992312450742e-02
-8.824383650071068036e-03,-2.413307327690336623e-02
-1.269042113939472700e-02,2.549825181010321323e-02
-2.765742902057065702e-02,3.064242772671649240e-02
4.340637600671932300e-02,9.100922864865544637e-03
-1.192086287952183812e-02,6.004483469120689039e-03
-1.899041012272153356e-02,1.091337299661561053e-02
-1.847419532169721976e-02,-1.220135455914493454e-03
-1.614045255904331122e-02,1.716774833749944509e-02
-1.016225161015731071e-02,2.419837580018632806e-02
6.920700695685397252e-02,1.172758716331233353e-05
-2.266172724954290674e-02,-2.661361162650752871e-02
-2.688332890638203687e-03,-5.795031570049642006e-03
-8.192406477703417789e-03,-9.903403757791452711e-03
1.934463866610400262e-02,4.105167028226126835e-02
-1.892388773084778195e-02,-8.012353751782740063e-03
-8.623643907535524442e-03,-5.059980032318317673e-03
-9.080768050305356581e-03,-1.237484855918719734e-02
-1.949348030169579735e-02,-1.579338445405421842e-02
-1.148633984857067719e-02,1.963663431494690713e-03
7.154399526861442149e-02,-2.967785180402824144e-02
5.305366981788438296e-02,-6.744066187179265093e-02
-2.380588579247475481e-02,-2.712079190426353731e-02
-1.627450434682649674e-02,-2.588553764451972938e-02
-6.742346427331765216e-03,-1.522817307657520040e-02
-7.552699987759422390e-03,2.859052680619588588e-02
-2.333087520539435522e-02,1.185476590217490397e-02
-1.153123087412314014e-02,-2.094175802972022410e-02
-1.129454554418387810e-02,1.955885715516265250e-02
-2.389412610015619401e-02,2.179458369340850354e-02
-1.371344865257036888e-02,2.040328098173859947e-02
-1.123456925988732327e-02,2.160515576370410085e-02
8.711733902876030167e-02,-2.763717405766790217e-02
3.952389467660417932e-02,1.229034093637165021e-03
-1.992233474725898373e-02,7.859179706502829321e-03
-1.883668720753203882e-03,-1.953627445074019447e-02
-1.497457937392276950e-02,1.475157290194762001e-02
1.193586911895120305e-02,-3.252659539747743134e-02
-2.269301186530910813e-02,7.349876290219197611e-03
-2.197277550292948967e-02,2.018133577961003788e-05
6.971591977592884321e-03,-3.804508365931976582e-02
-5.301553566795734126e-03,3.087688378112123967e-03
-7.241244821544346420e-03,2.515809932025673407e-02
-2.200431935297661457e-02,-2.622216538009349007e-02
-2.121166165633980513e-02,-2.339503365624772888e-02
-1.979637786371763949e-02,-1.184189296509013251e-02
-1.213004834068590401e-02,-5.388344159030860302e-04
-2.040260267363806085e-02,-2.078965183071053782e-02
-7.374116034771736709e-03,2.432256671216875138e-02
-8.440167368534468723e-03,2.338943977958905796e-02
-6.762213206449923554e-03,1.470225492391358940e-02
5.161418779354611311e-03,2.691919645766869401e-02
-4.160225469666357055e-03,-6.750740161128590371e-03
-1.284999383687419373e-02,2.418904553008539848e-02
-1.233377126648741752e-02,2.072704246611612247e-02
-5.968109814892148639e-03,1.674856078661716638e-02
-2.165976850570304826e-02,3.368270046492487842e-03
2.123767583291977581e-02,5.029652054181699833e-02
-8.836252318427040980e-03,-7.008809890016838400e-03
-7.782325633416999067e-03,1.713693438372927702e-02
-8.812733442047755716e-03,-9.902845794647842717e-03
-7.159732460240031231e-03,-1.193513479167905220e-02
-6.847645430487307554e-03,2.119355241529021633e-02
-1.914237681187681492e-02,1.779796283620348283e-03
6.965242542909665102e-03,3.197264738381274535e-02
-2.185443990261578401e-02,8.409754055459423699e-03
-9.618530066887353430e-03,2.537350159951360859e-02
-2.286307183271627484e-03,1.927813777812992929e-02
-1.767411088209506348e-02,-2.278118440227454300e-02
-4.254577342602321351e-03,3.751780242679458692e-03
-9.144695761071332252e-03,-2.826525720156766730e-02
9.729991449582983676e-02,7.190767337022002659e-02
-4.734681623202331019e-03,-1.925115707026775133e-02
-5.407430598713864472e-03,-2.364288271267081173e-02
-2.088220854354544062e-02,1.564595268707112338e-03
-2.191949685769698647e-02,-6.348770936008509523e-03
-3.737059956750681325e-03,-4.108193060259870272e-02
-9.262914385004792500e-03,-1.796377444650696167e-02
-9.130080295557230219e-03,-1.081305061083105701e-02
3.671849016729136772e-02,2.211015798290822537e-02
-1.272886012847226390e-02,2.777267115983782404e-03
2.034885920808184381e-02,5.480177567290775431e-02
-7.034719545198088973e-03,1.687222139902329332e-02
-1.046464405255493647e-02,2.042017224534205949e-02
-6.063510126959997457e-03,-5.526992220762566750e-03
7.896000731087128577e-03,-2.602425916791045041e-02
-6.514422156145036752e-03,-4.972830799147271059e-03
-5.939286042616713328e-03,-2.034233161393927611e-02
-9.917951442705106452e-03,1.543706776009631451e-02
-2.120987768406352308e-02,-1.641634164292479076e-02
-1.737482408610418333e-02,-2.773788698929069776e-02
-6.237705224896294802e-03,-1.334989042659312508e-02
1.539229880949895962e-02,4.360086705815638397e-02
5.017922228130132500e-02,1.970124717800270792e-02
-1.078947192499733407e-02,2.663567985224905843e-02
-4.931361119978369678e-03,-7.071902165303099036e-03
-9.558728824898415910e-03,-2.121830059900034135e-02
-7.316977190154087471e-03,-1.593583458174991502e-02
-2.030747444084451264e-02,1.421301989796754615e-02
1.841016154450190734e-01,-1.576884073869098957e-01
-1.367040354134889737e-02,-1.696236144610802424e-02
-2.056732205333279551e-02,1.434887472353225425e-02
-3.798886647763964879e-03,-1.077839262776187322e-02
5.337567691242851853e-02,8.284161125663162123e-03
-2.875034738269348009e-02,2.782409615816190326e-02
-4.439008433758349914e-04,-3.706535501859038739e-02
-2.052349508636047010e-02,2.417731384332173425e-02
7.980250772468502896e-02,-3.574812708233297831e-02
-2.114063326425620615e-02,-9.958361116283519915e-03
-2.270551224831063308e-02,1.795314607928848172e-02
-1.005503993921732890e-02,4.047368229771601024e-04
-9.105223651339824920e-03,-1.212032899072014100e-02
-4.264830569175682984e-03,-2.477705857950364063e-02
-8.532063107697707843e-03,-2.536100994750676262e-03
-7.048328193801490019e-03,-1.741290559913702060e-02
-1.170996775268720071e-02,-1.573233170499101219e-02
-1.227433321539220593e-02,-1.329983001495445120e-03
-4.078187259340645791e-03,7.253093794419927798e-03
-9.060749142281353252e-03,-1.480589312808052588e-02
-7.085827028139039113e-03,-1.771800599686974842e-02
-1.820574566081591475e-02,-1.435220813314985223e-02
-2.029103462190659513e-02,3.536571573606234198e-03
-7.474947594425491483e-03,2.446939045285904252e-02
-7.673446990451476477e-03,7.036218821491541792e-03
-7.766113284641430053e-03,2.476306599005925410e-02
-1.303014311922313581e-02,-1.737227180805656296e-03
-1.081901350048381817e-02,-2.176812226241650605e-02
-1.082453067013257678e-02,-1.296047728624779086e-02
-8.421644440413215277e-03,-7.261945253812973795e-04
1.605202515290138701e-02,4.633780944751965392e-02
-9.041100651965278470e-03,-1.323634094375887235e-02
4.197277843211743437e-02,-2.998752618752260901e-02
-1.175864496970518806e-02,1.825837895188444499e-02
-4.401931858643464042e-03,-1.424570337248458676e-02
-6.942402395306860458e-03,2.549249518624327471e-02
2.489112333504563818e-02,2.152391364494853597e-03
-5.469994584826011995e-03,-1.793739606657443128e-02
-6.007061911197458803e-03,1.378840881981517781e-02
-6.813392685684416944e-03,6.912864011884731381e-03
-9.890213046095365501e-03,1.090550138268261623e-02
2.320906889726505676e-02,5.918968607315308605e-02
9.159693613187383510e-02,1.526659078192628416e-02
1.206423319153232809e-01,-9.327199025311228020e-02
8.753591180257758175e-05,-5.174476755729814914e-02
-6.909636516204106620e-03,-1.388941951081803898e-02
3.717233410667981908e-02,-3.416869136020224407e-02
-5.656892625098009116e-03,-1.599474457574360034e-02
-2.338205115662210162e-03,-3.318769193233719883e-02
-2.154453164820329530e-02,3.910315422956286459e-03
-2.449926670295819731e-02,-2.791710938636898093e-02
-2.190636463711198578e-02,-1.216149384009084997e-02
-2.018493249869889039e-02,2.268263052976046690e-03
-8.802862385149689758e-03,-1.470795111887280779e-02
-2.231420880671828103e-02,-2.012479324357248356e-02
-2.822950033100112346e-03,-6.380734945182837264e-03
-1.631429330978632214e-02,-2.055629809403726818e-02
-1.526252457120682270e-02,7.110669105420869968e-03
-9.133910720292851698e-03,2.400565542629188448e-02
-1.335456855395430673e-02,-1.810869605129375101e-02
-9.424443280891025079e-03,7.297318141568477114e-03
-1.898064507117613181e-02,1.649686532174388359e-03
6.222122496775646383e-02,-1.319144495723753238e-03
-1.309137075781791754e-02,-1.068805008270713383e-02
5.004903628195894738e-02,4.622329600463288835e-02
-2.099777711748248427e-02,-2.609773798775727547e-03
-2.238513362229649709e-02,-2.081619035044849145e-02
3.931931461022718927e-02,2.525569708049849038e-02
-2.335859314518511087e-02,1.209786616741262769e-02
-2.979779716413245242e-03,-2.232014295684571145e-02
-7.535295042480636210e-03,-2.358572128802979145e-02
-1.204912343783141188e-02,-2.449081884932318223e-02
-6.255173164901183143e-03,-1.427647198377119536e-02
-2.115711862227890455e-02,-2.322471634515674982e-02
-2.199509491968819688e-02,-1.429440321432735514e-02
-1.192089969844653541e-02,2.260533704682571657e-02
-1.215834319619613427e-02,1.903686953964717557e-02
-2.224888765534806939e-02,-2.326196425529756737e-02
-2.997207763812178866e-03,-7.478751989848828399e-03
-1.919689348836668349e-02,1.720274876508773310e-02
-9.055823560840104564e-03,-1.396547202435487189e-02
-2.256703110350957026e-02,1.884213951951268715e-02
-1.968037959641728840e-02,-7.427656350531473134e-03
-1.882278301764667844e-02,-3.513034347798817125e-02
-2.088421031721793275e-02,2.008514328421978981e-02
-1.648489820369045122e-02,-2.207081966977118836e-02
-1.144342647478939837e-02,1.894553760871465001e-02
-8.827114607831965803e-03,-1.042724177283593963e-02
-2.215944310261794975e-02,1.252405317449702474e-02
2.651077489891499883e-02,-4.273500556735270600e-02
-2.444040483528223812e-02,1.887555831176087467e-02
-7.992502907940285742e-03,-4.853661319517270714e-03
-1.049961145233947908e-02,3.743735234370907002e-03
-2.275659481917319260e-02,9.878043282886567883e-03
-1.440430731116597307e-02,-2.212885828796313722e-02
-2.179678821210828676e-02,-1.712351274125969991e-02
-2.845746903742759140e-03,-2.447543709779313043e-02
1.856776504766432037e-02,-2.499937146806720245e-02
4.859724568265676864e-03,-2.871511970639087363e-02
7.809303464700380337e-02,7.681906736146361381e-02
-1.974877683756446137e-02,-1.583730313664849509e-02
-6.536854046775258942e-03,2.343620626234208665e-02
-7.733742641411047586e-03,2.646109823456970975e-02
-8.240677986977345409e-03,1.494695758038856737e-02
-7.617853044826579031e-03,-9.440601880165511509e-03
-1.889977796180793493e-02,6.615394082458303342e-03
1.799953348688120014e-02,-3.879770191258681555e-02
-3.301884614428142635e-03,5.090115405649376160e-04
-2.288258588067123428e-02,-2.692852456079300114e-02
-2.357530410868942210e-03,-1.500284559181077129e-02
2.128297597738850952e-02,2.432310845082762824e-02
-1.703095968953123249e-02,5.990939123366385496e-03
-1.657884461818400282e-02,1.796380250196492195e-02
7.827272234770267512e-02,-3.945967180666312690e-02
-1.028888404335996133e-02,1.596201821552926253e-02
-2.113167117247760976e-02,-1.409488050981333451e-02
-1.151411322412041263e-03,1.773736381265701711e-02
2.246711662693917297e-03,-2.166214117589018023e-02
-7.959546334415897387e-03,-2.290791184293416993e-02
-9.884794778690010608e-03,-1.585058326982920207e-03
6.400335025316926385e-02,2.614522092201438525e-02
-1.246477074495108001e-02,2.216630160870113400e-02
-2.810439910864208357e-02,2.746866279265284747e-02
-1.713895300924530782e-02,-1.781904248435915022e-03
-1.142125227379739774e-02,-1.902025161124716243e-02
-6.680880997498150203e-03,2.190387068556177291e-02
-1.432170541771140421e-02,1.986358620537691938e-02
-9.338112595561845475e-03,1.019904432895050311e-02
-5.624385507987302371e-03,-2.377278938915849960e-02
9.228782777385380331e-02,1.763353440895903956e-02
-8.224942104554466490e-03,-3.187932154929538908e-02
-1.233498188597677986e-02,2.311337759563393546e-02
4.877995776780453402e-02,-7.578090243546750475e-03
7.806885912128694316e-02,1.795901610995986192e-02
-6.498858836479738492e-03,2.009760961522173012e-02
-1.048817993470719731e-02,1.660368179330796307e-02
-1.137681164856360096e-02,1.165615570303681590e-02
-9.071218397431572711e-03,1.258157299649761106e-02
-2.182934203442949209e-02,-1.341384355931792352e-02
1.155019765090371797e-01,-8.273812017628395798e-02
-3.924330650214816196e-03,-2.345247366789913329e-02
-6.987010272953368337e-03,1.976585754261003455e-02
-8.998028187440014827e-03,-1.407449644805929337e-02
-5.082234344762839515e-03,-1.315111431946281752e-02
9.404861755082889047e-03,3.351308719411535270e-02
-1.165733125042623178e-02,-2.559574587761530989e-02
-8.244734443915310851e-03,2.313781122532743151e-02
-7.487250614965253181e-03,-1.828674102081588940e-02
-1.774990486741158391e-02,1.928452280963852475e-02
-8.237345962913195443e-03,2.603382962817526666e-02
-1.375516106266904369e-02,-6.037254859091029796e-03
7.447539743079299723e-02,6.579048148075791747e-03
2.289390471826420123e-02,5.900315101442908661e-02
-7.998143479146086615e-03,-4.073441162137339706e-04
7.213224651718842806e-02,1.633238939244501323e-02
-2.636273081190469020e-02,3.850951253591009676e-02
-2.636131015556399809e-02,2.358002913477982507e-02
-1.155902115199345347e-02,1.405255696994779299e-02
1.064317793796021039e-01,-6.956196392987937238e-02
-1.917748157456065049e-03,-2.311600431889990898e-02
-6.920776907543746762e-03,1.356087679209377721e-02
-9.167856902554970266e-03,1.692169394828788899e-03
-1.160969326767787892e-02,4.930030243438902893e-03
-3.098317888335878553e-03,-6.367546232850537433e-03
7.099427861748986573e-03,-4.940538877897333869e-02
-9.393110883037326941e-03,-1.987089135267102596e-02
-1.659464650309314809e-02,2.560603325441213746e-02
-7.317305952991784955e-03,-2.130888013665590414e-03
-1.018077668406488362e-02,2.444959292142769025e-02
-1.786579907859835864e-02,-4.252128580245843545e-03
1.916568183915431066e-03,3.543917624085330537e-02
4.630717657836137119e-02,2.908782489081435108e-02
-2.349414221479316153e-02,2.053715004200289476e-02
4.386512938134565914e-02,-7.980851184365897466e-02
-1.062694984246282531e-02,-1.196084449511500801e-02
-1.119212545012065324e-02,1.263752406139124172e-02
1.886053270158166012e-02,5.229041911805612508e-02
-7.312866185194648143e-03,2.144366323105630773e-02
-1.878766122233223312e-02,4.800872148129893199e-03
-2.086010144238773650e-02,1.387100591285022819e-02
-1.159382012629135358e-02,2.556242607171398118e-02
2.468494367131926319e-03,3.053068561849367479e-02
-2.674625531395003267e-02,3.107311000946390289e-02
-2.152488620887342899e-02,5.167261841129526523e-03
-1.832039812522665402e-03,-2.101757660369269615e-02
4.673896790391304790e-02,-3.603142645935224209e-02
7.678559485543300089e-02,-1.550121141142201536e-02
-2.854285718168127206e-03,-8.793974471715339941e-03
-1.217822055552033288e-02,1.972696111304249669e-02
-1.181767685268645014e-02,-1.916675949571825313e-02
-7.806117799332512944e-03,-1.338342508702387509e-02
-1.191905423438692144e-02,2.371811038334813507e-02
-9.448037433056005394e-03,2.209862597735455514e-02
6.864964774266923975e-02,-1.882924120794839465e-02
-8.063126345898147251e-03,-2.984000058261817353e-03
3.528783823594693059e-02,4.708193159947924103e-03
3.073336728132886053e-02,3.184374133443682031e-02
-1.531834781738400202e-02,9.177698760170716064e-03
1.192819659670549398e-01,-8.734252284864840732e-02
-1.192105626305697830e-02,2.507377505879512629e-03
7.247414242692344286e-03,4.908622547173345507e-02
-2.702917335542756767e-03,-1.776917664863773491e-02
4.680168111784956120e-02,-3.390093774629726088e-03
-3.670367655014925012e-03,-2.535299027092065977e-02
4.324297759643897648e-02,3.667063281064929497e-03
-8.492183147025114676e-03,1.330378238631519609e-03
-2.344743389113106147e-02,-2.554389282255504351e-02
-8.478944388186183262e-03,-1.179083343646861702e-02
1.120310792128495839e-02,4.404133621021356221e-02
-2.449069500163463670e-02,1.719912806881958994e-02
-5.193416117104291720e-03,-1.239320322618683856e-02
-3.975135731424996391e-03,1.475910037059388093e-02
-2.469076528171572187e-03,-1.045585700083645486e-02
1.680558152050227322e-02,3.566857858558452471e-02
-8.021039424267895762e-03,2.446636921499988418e-02
6.613590477775864451e-02,-1.455570791498384323e-02
-9.222232977671156184e-03,-1.838715871510180830e-02
9.089306605921602944e-02,1.488861536955702891e-01
-2.014054147115139012e-02,1.356929820974779079e-02
-3.032793489465678699e-04,-5.065435934585050051e-03
-6.390334794743471672e-03,1.656777700440437151e-02
-7.395934431923311195e-03,2.351432020476770801e-02
-1.705720524794588494e-02,-2.302491309988917781e-02
7.439587319048374852e-04,1.430522801504410975e-02
6.118326105456869946e-02,-3.813053917854159619e-02
-2.594385603113102956e-02,2.242456308217659344e-02
-4.063133131539805112e-03,-3.803660914344782207e-02
2.249915661384137289e-02,4.050825676732543179e-02
-3.705011529874859509e-03,-9.528876453016050380e-03
-2.208280128954213939e-02,5.348550406636549612e-03
-1.620768598471354974e-02,1.004781612570669613e-02
-1.566869313089004623e-02,-1.931936266697178300e-02
-1.840599536986738810e-02,-4.315259216398781815e-03
-3.822299054904115465e-03,1.948011112044713278e-03
-1.814705036924033066e-03,-1.911248265897709867e-02
-1.519310945364702597e-03,-2.741830580735619277e-02
-7.935494454934329325e-03,1.908830095566568796e-02
5.256230016833217389e-02,-2.490827259071862546e-02
-1.176777417900795077e-02,2.155378462695476879e-03
-1.728815178952258433e-02,3.359907407216219943e-02
-3.881994628485863335e-03,-7.841164746840585328e-03
4.750017168414695512e-02,-5.010213987352259840e-02
-1.159232056265537165e-02,2.157495786789674977e-02
-1.823384756558979469e-02,-2.091506071441452327e-02
-4.126840880968816669e-03,-1.476106194648702657e-02
-5.503758500588192513e-03,1.252198341886669175e-02
-3.424265278236351615e-03,-2.089983838261618571e-02
8.370140235535963869e-02,-1.572877977133300617e-02
-4.375229561104361335e-03,6.230263791272143067e-03
4.044200724172972855e-02,5.531924037250125770e-02
1.944264645039601308e-02,4.161937752835066784e-02
9.651941316974525786e-02,6.166453315490898202e-02
-2.719343773511728041e-02,2.812485475477087549e-02
-6.796455439354850969e-03,-3.235131135014988370e-03
-5.285888774776351454e-03,-3.167714946282028723e-03
-9.655838883225409397e-03,-3.843561958498715406e-03
-2.267801089234829787e-02,6.230518733316186414e-03
-1.218347592248248193e-02,2.536080798278481443e-02
3.078802896834143682e-03,2.997042337824094155e-02
-2.101258506394219905e-02,8.155383069619031450e-03
-2.603803179896263531e-02,-3.101576009620321539e-02
4.662354652861783882e-02,2.553550722167173201e-02
8.157268688686199198e-02,-4.012956022691403779e-02
1.513747372802551165e-03,-1.168286633217657453e-02
-9.642599449614748172e-03,-2.158474050211508719e-02
-2.823671923437906257e-03,-1.168149707217834739e-02
-9.593033839829057802e-03,2.191957374246649576e-02
-1.010940465301121347e-02,3.430242508805942704e-03
-2.797168756674010826e-03,-1.668397058072119965e-02
-2.203735071721208555e-02,3.566606083477822688e-03
1.468574993540927576e-01,-1.233980560397098802e-01
-1.985692039494174610e-02,-7.820713672279043169e-03
-2.199113694451912057e-02,-1.577149376540354364e-02
-7.466346012873799690e-03,-8.841361836817584682e-03
-1.021679736539279210e-02,1.428881559446930002e-02
-6.338826011221282246e-03,1.960787301318795209e-02
-2.181013243222738526e-02,-2.421736831839129203e-02
-4.054574187319957314e-03,-1.167389694979612674e-02
-2.131726012051429406e-02,1.433198948141941285e-02
2.532575302050250193e-02,5.239294334794068059e-02
-1.027968952823059279e-02,-1.654433047232616028e-02
-8.353740810463713626e-03,-2.005585296846854049e-02
2.847229535539466672e-03,-3.334131824655636733e-02
-8.662356140959986267e-03,-1.162314753510131776e-02
-4.017290090979629830e-03,-4.324066220406621447e-03
-2.207815744727805590e-02,-8.982275081526817917e-03
-2.178138068003813294e-02,-4.546405763315407300e-03
-1.221807295809014884e-02,-2.666741162973532836e-02
-1.763563189258424840e-02,7.620268742964918240e-04
1.245095818164229928e-01,-9.197155569599171909e-02
-1.955137502068774596e-02,-2.882852490178857557e-03
-3.326380082078399074e-03,-2.279702505515978153e-02
-2.054128222360327924e-02,7.640730723147137748e-03
3.588307904324052056e-03,-4.092687014385444633e-02
-4.973813900138321191e-03,-1.799460274831798240e-02
-2.904102439886573767e-03,-4.463126143708176854e-03
