2.533259696216726142e-02,5.298302462514523081e-02
2.834099750094977443e-02,-1.410265542911726122e-02
4.287625950459104940e-02,-1.247347525489456155e-02
6.786007145082442737e-03,4.641214693497874855e-03
5.464299366420689863e-02,-1.470786414324101732e-02
-1.344628310568707352e-02,-1.159446079849532629e-02
-3.136465244021946486e-02,-3.030919293179509810e-02
2.968817200912483856e-02,-2.905382267788346462e-02
-2.001414869960425891e-02,5.264488835440651882e-02
1.962727935327737705e-02,-4.424649575284489433e-04
-6.128761342198061485e-02,-3.210150748180688740e-02
5.683136451866604988e-03,2.368813826509084952e-02
-4.529684317184623499e-02,-1.727545194762859782e-02
-9.345299598375461647e-04,-3.224464391760838156e-02
2.810101008534884176e-02,7.333382693941375985e-03
-2.121471528054155037e-02,5.221997190649460552e-02
3.357398855698402046e-03,5.378957650952819608e-02
5.191269480945890497e-02,-4.655541727359330251e-02
-1.914791403616127388e-02,4.676208863109443392e-02
1.756336458076446574e-02,5.597080392083397804e-02
4.797063471419005243e-02,-1.071324635027881556e-02
-4.254611633809934901e-02,-1.353337168391997858e-03
5.902115514533938512e-02,-7.896157165276473933e-03
2.032544161978733221e-02,-4.708651750807896913e-02
1.737472144156255657e-02,-8.250078619355546983e-03
6.120303085355255357e-02,-4.773524683455038220e-02
-2.619858663603349958e-02,4.018033277027113770e-03
4.566458391525694827e-02,-7.431501349663242884e-03
4.752356250603452514e-02,-1.509907554888868797e-02
-4.227968654977018459e-02,1.086479556434338800e-02
3.680858787483469452e-03,1.764908849017562259e-02
-2.479600978044182655e-02,-4.880075508500907044e-02
1.555346094617752681e-02,-3.244930008279665878e-02
3.950401668029187435e-02,-4.336292439076609717e-02
3.167754542363439285e-02,1.270632128007838715e-02
-4.186716269520771722e-02,-4.934184370585140839e-02
-2.739794199484017062e-02,3.661821841569761794e-04
-3.234545287439531680e-02,-4.896582777537417802e-02
1.295038197741610678e-02,3.815179951591293750e-02
-5.152301866271272873e-02,-2.312630899575181948e-02
-3.403950609737897703e-02,2.728631823579819732e-02
-1.789142837516875459e-02,6.641434519544554826e-03
4.698692457365579583e-02,3.410437936503894069e-03
5.022727920111407646e-02,3.323122018954356716e-03
-3.132962064312420913e-02,1.288559946357910324e-04
1.870103163224483972e-02,-5.323889421450581083e-04
-5.691045936028197444e-02,4.628371745036632956e-02
-8.763331868123220951e-04,4.579420466349681113e-02
-3.340527994813151380e-02,1.102727931961166100e-02
1.013550666537909976e-02,-1.672743329090163600e-02
-5.908938960167597204e-03,5.558010744114344481e-02
1.596787062165995127e-02,-4.711919676552372288e-02
2.393284180993316551e-02,-7.361010347120163638e-03
-2.119850104193582094e-02,8.355692731999413841e-03
-2.779988283868634058e-02,5.100633041354928413e-03
-2.180473787105643990e-02,4.026721756270233536e-03
3.371464567970253873e-02,-2.029628671037650781e-02
-7.453023156213810577e-03,1.142279221226782070e-02
-2.273657889116696348e-02,5.473588095568970857e-02
-5.321534618932292904e-02,-5.176942297876382937e-02
5.710855806234443888e-02,-3.993484516827452979e-02
5.214642463325444566e-02,-3.740436958334922984e-02
1.971769584472952974e-02,-4.409975823384018612e-02
-3.658002500463324730e-02,-3.734446670230751747e-02
2.246112187876818725e-02,4.829206118345430454e-02
7.273979801636490557e-03,-8.601352030341260363e-03
-4.664711173857442883e-02,3.354755222460416297e-02
-1.176105678571570667e-02,3.911905558951463829e-02
-2.871245060461420640e-02,3.105502546108612760e-03
3.364124582405180613e-02,-2.587337683139052935e-02
2.384216133470908050e-02,-8.515300325922174618e-03
-3.631528840865740765e-02,-2.441495669874616664e-02
1.041298097761865146e-02,-4.491308282547926828e-02
-9.324671494239754679e-03,-2.517137771800117760e-02
1.448538976848681367e-02,-4.750951981731020568e-02
-4.363602429693557577e-02,1.710457396011307724e-02
-6.666837308394461988e-03,-4.544079262451618945e-02
-3.353462843934926912e-03,-3.142797606426659014e-03
-1.095090628913553132e-02,5.670825395940325142e-02
-4.887404106248166569e-02,-1.560255909648898022e-02
2.632604070708427849e-02,1.289464747556362881e-02
5.564648936182813033e-02,-7.021044370573830892e-03
-3.468552834476964358e-02,-4.366864607407726362e-03
-2.548711094679702999e-02,-2.759163008749071500e-02
3.389146053822114646e-02,-4.380259478781789451e-02
1.072086518740910516e-02,1.198754415412466023e-02
2.987298495955806321e-02,-4.853427330180765109e-04
6.164569675895114134e-03,-3.626791278883304687e-02
1.021128538968256970e-02,-4.476919728027173306e-02
2.647895513050506355e-02,3.180385580724087724e-03
-2.624054525255230252e-02,-2.872087962055006570e-03
4.732615650807366070e-02,5.199217210457032778e-02
2.739929470755922761e-02,-1.902391065430961495e-02
-2.245237592177713043e-02,-3.390449403183422306e-02
-3.992457493404362456e-02,-8.713744119812179972e-03
-5.358040042801363867e-02,1.009307931772089086e-02
-4.892062912159794025e-02,5.838807721092131864e-02
-5.016198926107240386e-02,2.095930171593273980e-02
2.950687926984527087e-02,-4.736032126498561368e-02
2.345069073339427906e-02,-5.226197948004582955e-03
5.462195589117025546e-03,-1.892551599402497384e-02
8.976754774735248160e-03,-4.757290246757640839e-02
4.108499773566855195e-02,-3.494469158111498247e-02
-1.816731313007733523e-02,5.560537313494900991e-02
-4.230654837851402505e-02,9.655657164994997481e-04
8.707172197484127144e-03,5.671472056995762595e-02
-4.480373804627397344e-02,-3.636243996300230624e-02
-3.597436298815669120e-02,5.256721988799303164e-02
2.459353425531046050e-02,-2.841312098019035948e-03
1.993192709446419547e-02,-1.327515705650733277e-02
-3.305060232540545095e-02,-3.118284140317982567e-02
-2.416998836482696714e-02,1.129597514457115690e-02
-3.429019573432728202e-02,-2.201095986864971387e-03
6.229680572690620560e-02,-4.066339308444182760e-02
-3.566393935321288122e-02,-4.692158123533479719e-02
5.857463674482500660e-02,-2.622953589847610428e-02
5.686545864669320660e-02,8.143581929218754456e-03
2.924745353555520747e-02,4.178579364884447978e-02
3.259154343922694014e-02,1.290941083535435650e-02
-4.428372067236602261e-02,-1.049365317319377565e-02
3.584711013763903359e-02,3.541461066873045210e-02
-3.759757813291054324e-02,-4.113647541503106381e-02
-4.296862335793421098e-03,6.268426957521408202e-03
3.005640771138985701e-02,-1.470607906714532093e-03
5.489056352507012265e-02,4.943879295681640612e-03
-5.937155519677454751e-02,-5.126925641437560938e-02
-6.012916307439482994e-02,-1.312954220888345666e-02
4.046002803340359444e-02,-4.594789165085198801e-02
4.388003141639532090e-02,-3.396042067049920461e-03
5.320384430637437045e-02,-3.401727213285045230e-03
-8.753898146795982896e-03,1.139189024105650636e-02
5.094065367747759032e-02,-7.253677192250583550e-03
-1.634779155127685790e-02,-3.437066802645261099e-02
-7.239426399231635792e-03,-3.607551558838098527e-02
-2.397806719064513731e-02,-1.262874832186670383e-02
1.099327463584881710e-02,-2.602108468941818561e-02
-3.179526640718730035e-02,7.832739116532143331e-03
1.173360243678982402e-03,-4.611254636493575254e-02
-3.905994794077652030e-03,-8.970527638401091380e-03
3.353243433887631575e-02,5.232236720441585387e-02
-3.730945275762934804e-02,6.959369220648248776e-03
-2.804237320626739097e-02,4.167649998706572656e-02
-3.275257466022472516e-03,4.117252954372048468e-02
-2.354993189963417236e-02,4.633087882039615968e-02
-3.256053031654516233e-02,-4.175908448172697268e-02
2.814216059127061173e-02,1.123599401891749172e-02
-3.322289594496250636e-02,-1.927770316658181798e-02
5.296305534761595879e-02,-4.447730484373103865e-02
3.888098282466039262e-03,-4.714109067237595707e-02
1.268527048970231191e-02,7.423281752668656891e-03
-4.886498119362077397e-02,1.054311941758857146e-02
-4.489013203922501832e-02,2.088396602352991013e-04
-1.081045044332016279e-02,4.164237063491157270e-02
5.066984223731123976e-03,4.354923702651882986e-03
3.558599674852459815e-02,5.935702908065765282e-02
-3.202384019203421278e-02,5.038607365929204801e-02
-3.799933559996602605e-03,-5.470698262407911773e-03
-8.155768494312371289e-03,7.759011004006553455e-03
1.104108137814716756e-02,-2.759643786564111578e-02
-1.056163605653010103e-02,9.954349982604977776e-03
3.631553970976991730e-02,6.007157674199985198e-02
1.711387055916406552e-02,-3.524515835271564007e-02
2.482001577444314586e-02,1.109072687576424625e-02
1.271878594222694385e-02,-8.785675841741728137e-03
-1.641223137668195234e-03,5.285918780064163131e-02
-2.330600198564724071e-02,-1.459493196211421968e-03
-3.148832956294023849e-03,9.775709200088446293e-03
-7.708181929154364273e-03,2.080598906127771597e-02
-6.112848624078455473e-02,-3.764256734009624461e-02
-6.949936647727252351e-04,9.569994166071685987e-03
1.106260316985916651e-03,-2.358924925624357460e-02
-3.020744847048516257e-02,-4.225956528017216912e-02
-5.771754396904777568e-02,-6.236594775825353432e-03
-4.261037783843284882e-02,-4.381072825574972018e-02
4.697738253090996685e-02,-3.787469569776089062e-03
1.734019275684197531e-04,5.770867533694022666e-02
3.650150860239285977e-02,1.193016151484983627e-02
6.534575015384675237e-03,1.103097137970490173e-02
-5.590243138616901586e-02,4.495820700156370059e-02
-1.297092403833017236e-02,-3.751360582967211421e-02
3.253872169285826343e-02,-3.086417316448058362e-02
-1.473515835917121874e-02,3.535668215043481777e-02
5.806391451302868496e-03,-9.697360339689691661e-03
-7.815256891214449053e-03,4.265712209626230933e-02
4.080281940977742439e-02,8.895865563594786488e-03
1.717606583041718371e-02,4.068989370738482214e-02
8.255405764636371962e-03,-4.494439956069927466e-02
-5.482243018618365715e-02,-1.072224744313592451e-02
2.055677006571889065e-02,-4.682157567350472838e-02
2.668978034991380255e-02,-1.774118601827477659e-02
-4.761316980730750242e-02,-2.591490577525989991e-02
-2.551109086123375114e-02,1.005222075435942275e-02
-4.601637826474110765e-02,-1.078336360600029575e-02
3.124069343900328505e-02,2.296994799640297152e-02
-4.347814766175243234e-02,-1.073994315506376744e-02
1.696555301463586497e-03,-3.291999707401467579e-05
-2.232920201196277044e-02,4.535959245954498953e-04
-3.903026874912504662e-02,2.188990838198211827e-03
-4.759430537855963150e-02,9.757445815646479184e-03
5.555750539017352378e-03,-5.118708486462515694e-04
1.047776222558140062e-02,5.607705153878110582e-02
-4.629860477324265755e-02,1.056754471319604899e-02
-1.165453179006309056e-02,-4.627896565976283988e-02
-3.928325868613573302e-02,4.518748446700356775e-03
2.509147758832002209e-04,1.565251976291567870e-02
-3.836447095556116960e-02,-4.224203201621237053e-02
1.332738823094605299e-02,7.613956013295120062e-03
3.174068034570758784e-02,-4.240146527679851396e-02
-4.926037946391195049e-02,5.600636739778916406e-02
1.702210273655163988e-02,-6.487400967755719249e-03
1.092685113237389961e-02,1.068897280574725855e-02
5.029508695493953296e-02,-1.787447132207258677e-02
-1.776490749382372836e-02,-4.766865700610053297e-02
1.807139872240116560e-02,1.009649882990473063e-02
-6.053422537716278765e-03,-3.833051272401334642e-02
3.873430987623364963e-02,-4.727774630475516104e-02
-3.295627924908627743e-03,5.649800668892678013e-02
-4.470757531978536425e-03,1.107873342100839861e-02
-5.087850833764717695e-02,1.054492408662499082e-02
3.932410259543250852e-02,-4.732047147342453852e-02
-3.906068299715717562e-02,7.016721480744293402e-03
-2.560586783268843647e-02,3.948131194274432168e-03
1.291669750222328768e-04,-3.454545316152349277e-02
-1.324438649756742165e-03,3.836179785999297570e-02
5.188107566954619498e-02,3.862550040997596995e-03
2.714351660984729714e-02,-4.433285050257029791e-02
4.685256783565464045e-02,5.771919386060368751e-02
-3.128695018623244006e-02,8.346907045024632224e-03
-2.507492875019005918e-02,-3.812360990440451930e-02
9.372359943072566466e-03,-3.238186905857370901e-02
3.702937452929300211e-02,-3.037222966600876609e-02
4.252841838109429340e-02,7.914872912581326359e-04
-1.492376557488723013e-02,-1.303502824110177455e-03
2.421024398805220537e-02,-4.126706292707020551e-02
-3.483477769793121709e-02,-5.004041188269194723e-02
4.736141614613411516e-02,2.948725415287234419e-03
-3.701456068364240848e-02,5.467078256248980583e-02
4.614949348389592310e-02,-5.665162073900217171e-03
-4.613544638978188395e-02,6.057885045584413680e-03
-5.989806018515744096e-02,-4.386777904981074144e-03
2.466338690393460927e-03,-1.706327506749529682e-02
-4.086813646625143959e-02,-4.226388130394988230e-02
3.203235033852895597e-02,1.159458243998768776e-02
2.919856941422534560e-02,-7.388645027012405442e-03
1.231811855181028786e-02,-3.591635179361530456e-02
-5.198244675380795862e-03,6.728614587475562070e-03
-2.490907874304037345e-02,5.394023702536997894e-02
-8.163556761028235853e-03,1.336280869755388824e-03
4.897915978092792777e-02,-4.756872460697445654e-02
-3.581813268044337084e-02,-1.306376997029343179e-02
6.295860355396148619e-03,-2.077836376717075856e-02
1.501516581063648895e-02,5.930369810778787429e-03
-7.737307208643772957e-03,2.407663995649756555e-02
-8.751560614703602498e-03,1.061705453520219930e-02
-2.416715507913612740e-02,1.095202222305607410e-02
1.414841790481745874e-02,-3.317708433809987006e-02
4.608351607822662108e-03,-2.407359515707192116e-02
-2.799269637131115290e-02,-4.533987403764038610e-02
5.577171523701081324e-02,-2.426539267072477107e-02
-3.693813712148305561e-02,-1.772099441358795935e-02
6.118995055578572290e-02,-4.779688369977513895e-02
2.533996142290783488e-03,5.311989119766312439e-02
-2.382846963338305576e-02,1.528255936108504492e-02
-3.241619556715251427e-02,-3.391934759176656183e-02
-3.035129555234965595e-02,9.247561761763535559e-03
-2.812255608950165083e-03,5.168158749481391312e-02
-5.621131844488402515e-03,2.877010945054577981e-02
-4.353475824047232240e-02,4.740822031314648882e-02
-1.652817142492832986e-02,-4.866936962312390369e-02
-3.167438872025662988e-02,-9.400253447106885277e-03
-3.483771094639107058e-02,7.473237925285452186e-03
3.818896828237652863e-02,-3.284065768043206018e-02
4.835638590669689985e-02,-4.755837628044531917e-02
4.966255715710161250e-02,-2.504630526421476600e-03
3.966234073047600339e-02,-4.572220579743128954e-02
-2.142068607239441119e-02,-4.342719877028949210e-02
2.251700157783428566e-02,-8.375585733381558234e-03
-2.122948204936944000e-02,-2.051402499887180694e-02
8.930509930587943179e-03,1.099754301984578499e-02
-4.242326439799744275e-02,-3.446004346567758947e-02
-1.107038404557734654e-02,1.141114550951528341e-02
-1.810527750149373838e-02,1.080346513481564123e-02
5.453025595915760720e-02,1.386600177849686699e-02
-7.055706754762010834e-03,-2.850054167573315769e-03
-2.834296280107724553e-02,-1.037810899274049618e-02
-4.642439970173725151e-03,5.068785208047256637e-03
-1.597841975654288454e-02,4.907080740182973369e-03
-8.033262867051037953e-03,8.767121592287898529e-03
5.257940212142692138e-02,3.342819115564663740e-02
-3.484855303705411411e-02,-3.740694679450558974e-02
4.680990681612171023e-02,-4.307714030576285935e-02
-5.173561342498460280e-02,2.903643802250188179e-03
-1.417416751426334859e-02,5.746205612012218744e-02
-4.701402167517931135e-02,5.194077791662063404e-02
-1.599668010891909173e-02,1.117313396975851136e-02
1.791233864705960022e-02,4.676373409731655884e-02
-9.992585583122815668e-03,3.444047647799623746e-02
-2.761890560118922255e-02,5.246209074619441470e-02
-3.891029605188691537e-02,-3.064029684890194703e-03
-3.882161980341947843e-02,5.664719656006263204e-02
3.711124884142788169e-03,5.788159559200723586e-02
2.642355517060139200e-02,3.439730480671281121e-02
-4.228767761894765970e-02,5.767092339647639926e-02
-1.789658782788467253e-03,-9.440009019577323343e-03
4.440805764607840683e-02,1.154554418666683784e-02
3.978085124845689990e-02,1.334790636231638142e-02
9.891955798299052749e-03,-2.043931852285815060e-02
1.383636584745945482e-02,5.677799302223066752e-02
-1.292756732477573847e-02,-8.706106471331489377e-03
-4.000876530855807661e-02,-4.382575567592741916e-02
1.952446134505319425e-02,-5.442611074369959820e-03
-2.129472592689175131e-02,-2.145047183589394654e-02
7.024784213558070596e-03,1.216519067431277336e-02
-4.592585185959319194e-02,2.288738787919579465e-02
-1.280975621799202400e-02,-8.590242494794300687e-04
4.757315831270098744e-02,2.768164656048562045e-02
-1.993370806230652936e-02,4.413505352757226413e-02
3.143800715529010414e-02,-1.681581435891970136e-02
-7.736699871968041702e-03,-2.991659873363477357e-02
8.062911731239021454e-03,-4.759457640919025068e-02
2.374332793159001503e-02,8.707749425652958064e-03
4.626479197827471079e-02,5.167775662670558157e-02
-1.851341403286119180e-02,-9.382437109438488201e-03
3.994135665375441596e-03,7.526580652004006070e-03
1.087745086310532884e-02,-1.951028656381188775e-02
-4.196446480180522631e-02,-4.643875475736955472e-02
5.340985577250484395e-02,-3.168184155848961098e-02
-6.545085863934388404e-03,5.722269875655722204e-02
-9.282180825731850202e-03,5.677591091116482303e-02
-2.501101260857075022e-03,-8.124429095105875284e-03
-3.957157260129472165e-02,-8.709064120604901801e-03
-6.648012436002059128e-03,8.780028117029818613e-03
1.092271303145714301e-02,1.708508275036530952e-02
4.672860178324202834e-02,1.261625697765868595e-02
-2.084322228008479369e-02,-4.451445238936042881e-03
1.389119112508085604e-03,-3.373588755475169509e-02
-3.801952134904665326e-02,3.717642352497121938e-02
4.307205519940440763e-02,2.325073993200450252e-03
6.736518390746622925e-03,3.870415760322726273e-02
-4.337595703950997833e-02,-7.337328718271918238e-03
6.536835139333125287e-03,1.073885637770582123e-02
1.983568018916573999e-02,-4.583673180849881512e-02
1.596714304465184781e-03,-5.384934895037100065e-03
5.297162434462175662e-02,-7.297249575445358474e-03
-4.836316470364775133e-02,-5.132903869215690168e-02
-4.738407974639648190e-02,5.635491984785299946e-02
1.392189479508918522e-03,-4.550214214835769655e-02
-2.928109707583124305e-02,7.499612830554985149e-03
-2.290879713593136843e-02,2.496910082961572436e-02
-6.236826691787867444e-02,-3.406941844702262440e-02
-3.018911808440756864e-02,-4.470751159767194505e-02
4.573081966998319980e-02,-3.205770206773349285e-02
2.797172467480969066e-02,5.071230062392119431e-02
-2.625601409119649593e-02,6.196489812802415120e-03
5.895727099253803005e-03,-4.230592442271962489e-02
-5.201697569243934199e-02,-2.127050825426557087e-02
-3.529652174192373509e-04,2.603843922364577901e-02
-2.916991635902039387e-02,-1.949969257527668642e-02
-1.040760993535165546e-04,5.224016612788619229e-02
-5.378604162787786053e-02,-1.025050149305293742e-02
6.486285631924090800e-03,-8.149564060017183698e-03
-2.713036524769309871e-02,-4.727020722357294646e-02
6.127157610577587538e-02,-2.318725678126327613e-02
2.903272092780448746e-02,-4.271937570206163493e-03
-2.605455682215512478e-02,-1.794414345055514448e-02
-4.529882225158293058e-02,-4.559553390076709345e-02
-1.339646374887018716e-02,-1.320066400804903797e-02
-8.318985636619098678e-03,-2.231630629329076423e-02
2.882983052972858812e-02,-1.580541454758187248e-02
-5.801036863434601981e-02,-5.124789578751973163e-02
-2.250850728288554992e-04,-9.420531131491100343e-03
2.312549881296980386e-02,3.689816887247633626e-02
-1.246813145732410255e-02,1.551690979080546165e-02
3.208029787816338296e-02,-4.654999287943985264e-02
3.561141902582392466e-02,-1.574576342057265599e-03
-6.021632146192261274e-03,7.516629360582421926e-03
3.411972599953620039e-02,1.388731723068581392e-03
1.149965310325193162e-02,6.969066593145010861e-03
2.464279968405684237e-02,-3.674765221848982216e-02
1.413974276124267335e-02,-3.962492246951616892e-02
5.800478003763544915e-02,-3.118003831532035336e-02
2.773964005666809673e-02,4.162633500317983876e-03
-5.606721449168557136e-02,-1.085054094046869824e-02
-4.651647415218757714e-02,-5.021690132898642966e-02
1.996063590758318657e-02,5.793534852740284818e-02
-1.085112203401151880e-02,-2.382323841096879724e-02
-1.936736694477432866e-02,5.140139727146484511e-02
-1.715983129258982429e-02,-4.211727990280434569e-02
-4.065310086853860666e-02,5.203303027103008127e-02
-4.116193207642861868e-02,9.872305952592532255e-03
1.433202168476186561e-02,-3.279542322676048949e-02
3.191129381792905118e-02,4.073322305953917116e-02
-5.071946441852179938e-02,-3.291361200616058948e-03
3.123898379719365626e-02,-8.403439315634295137e-03
4.606848932930246443e-02,2.600596045256052535e-03
3.267480368835436189e-02,3.769091741865590595e-02
-2.020278964194796925e-02,-4.262214690769682013e-02
2.241186468814843416e-02,8.217518104959950498e-03
-1.391631044064005861e-03,-3.213998631866856609e-02
-1.797371186466881210e-02,4.785516741356982129e-02
5.414425066663610883e-03,-4.582196204096068703e-02
3.909321194103348995e-02,1.322780532834594638e-02
6.388528109654292679e-03,-9.158635628638354953e-03
-2.709210550120059319e-02,2.198471343885345999e-02
7.878619422593716864e-03,-2.010378161859266433e-02
-2.703023610203492133e-02,-7.369774005589883534e-03
-1.742071780658430678e-03,5.503120881193499479e-03
3.244854160336729798e-02,-7.635701658802451774e-03
4.225503904628914731e-02,5.062655230509256060e-02
-3.168824004827491825e-02,4.436885415501219156e-03
3.118163038676566301e-02,5.290220920793074766e-02
3.625728392059378996e-02,-1.144883327351635741e-02
-3.294794729776166775e-03,5.626397714790776217e-02
-3.452449364112474689e-02,4.822437006572839052e-02
4.216656881623716963e-02,1.037408073628897504e-02
3.839236351441825679e-02,-4.655734887108461256e-02
2.486732930603993696e-02,1.274570744376511515e-02
-3.408885174847526428e-02,-1.074290932754729498e-02
-2.588058865573692260e-02,5.488926517908208902e-02
-5.079191896680219920e-02,5.540134907300159339e-02
-2.690247835188399467e-02,4.169438274419149520e-02
9.965040874781876806e-03,-1.661967964185954300e-02
-3.664598064290939400e-02,4.645564840764533979e-03
3.299153557607405196e-02,-3.247045458965330117e-02
2.751792287378346247e-04,1.954352717542130052e-02
2.513455109916329366e-02,-8.330601877052125348e-03
4.598415514094672529e-02,8.660224714863724860e-03
-1.075771768443290963e-02,-3.420181070149931613e-02
-6.113710687452513642e-02,-4.554092176340565623e-02
4.502310548368430171e-02,4.522951163760563498e-02
-4.237195563694968331e-02,-4.174061195745677223e-03
4.567203541393484445e-02,-2.280648912163402153e-02
3.142685989002757391e-03,-4.117477899199033925e-02
-4.866137484122464579e-02,-3.162976188193513533e-02
2.054953941080621405e-02,1.269487288203992488e-02
1.164853427117536026e-02,-4.636725421194513863e-02
-2.568513748818926704e-02,-4.207906486833352944e-02
1.242669662716059525e-02,4.104445531293795385e-03
-3.762214012482785475e-02,4.113321374352571502e-02
2.578501246005554873e-02,-1.971583038277291422e-02
3.453644158250628038e-02,-3.640496790298935331e-02
5.371998780890283043e-02,1.393198943581030504e-02
-2.793272720546264090e-02,1.115735600023636843e-02
-3.065125217468114838e-02,8.415923931931742347e-03
-3.995346014781420152e-02,-5.007269307493008442e-02
-1.864100664618237660e-02,-1.331226465704798620e-02
3.583305280168991996e-02,1.095605655455962613e-02
3.133678920023048875e-02,1.402072190857368492e-02
1.903193186082562105e-02,-4.725368437998352794e-02
3.771486520217010724e-02,3.941874201872736655e-02
1.183643085682638783e-02,-3.008437179626339414e-02
-3.086821214365202681e-02,-9.640136126796915519e-03
8.002079998437191047e-03,5.151472094740672594e-03
2.946194736955510401e-02,-2.785717148731830031e-02
-6.819076631282609824e-03,4.056264778251261055e-02
3.721807311486745318e-02,-3.372921092279098504e-02
1.690214485465282510e-02,4.808696490342026508e-02
4.187307871588336061e-02,-4.268683783587393435e-03
-1.011742229465098161e-02,-9.747333541456772166e-03
-1.997630346690132744e-02,1.354974384781868109e-02
1.814345630703805001e-02,-6.437830467177961535e-03
7.935586754553645809e-04,-3.538252981348977144e-02
-1.129210322426689103e-02,-9.227486492213323940e-03
4.247815149957409608e-03,1.154560436621579478e-02
-5.145108651904183039e-02,-1.382211138469963477e-02
2.201988549637266812e-02,-1.097432377283200436e-02
2.547143006000697138e-02,4.943625113327555776e-02
-2.635035738225787252e-02,-8.727469702595786957e-03
3.747035241379657877e-02,-4.665238068300089913e-04
4.217771966159675201e-02,-2.381407377470621742e-02
-3.510040576895911979e-04,-3.169908711709452237e-02
1.100506197325399477e-02,-1.693564682419049228e-02
1.688023726289799437e-02,-3.339019578511313868e-03
4.804018833577169273e-02,-4.705877175388183120e-02
-2.378054845798868375e-02,-4.906796971860421380e-02
2.437695215221397788e-02,-2.673971495178497498e-02
1.097256646605201252e-02,5.485923210585851029e-03
-1.582677367968497728e-02,4.654948087828203462e-02
-3.500246205540757938e-02,-3.126102792576980136e-03
2.151295565039706287e-02,3.078847679500755150e-03
-3.509957443559720558e-02,-2.949883386530671378e-02
-9.331300660035121014e-03,5.008015402071406760e-03
5.870234981137036068e-02,-4.607671183243261526e-02
4.772100281555832768e-02,5.847770063344227831e-02
9.085853846617281127e-03,-4.554688014817512981e-02
4.842377464087125466e-02,3.938043321915622036e-02
5.207997432428256024e-02,3.371037414497218138e-03
1.581143819789197075e-02,-4.128420156470560126e-02
-2.456346325995086011e-02,3.849216831980348946e-02
9.299538259874673418e-03,1.229435128361086073e-02
4.798321359383174445e-02,5.630425351122207711e-02
2.510971630268381619e-02,-3.903300523812673617e-02
-2.882280985966557615e-02,-1.503102220140109350e-03
1.345380967467187496e-03,-9.622173321879262317e-03
-6.732131500308491390e-03,-9.021627238886706368e-03
1.925777729065424396e-02,7.107685728415344406e-03
1.145293613247136758e-02,8.684130463982165163e-03
5.818466652622567015e-02,-1.887667755271550674e-02
-4.199611867567778350e-02,-8.396073713580214440e-03
3.011733126867209911e-02,-4.532095847955903284e-03
3.952244297908050208e-02,-4.432482962308415680e-02
-3.689160108175784658e-02,5.113326702939459747e-03
1.382707897152924900e-02,-6.534871314801569617e-05
2.330340075467182692e-02,-1.443951920180012657e-02
-1.905840847272156913e-02,4.133935710988459467e-02
1.758968665219887845e-02,5.787457269805806881e-02
2.065821086530733597e-02,-3.097671887992266976e-02
-4.036977433393754144e-02,7.679585773809997906e-03
-2.314779894586795755e-02,1.122588897691042392e-02
3.686556979531976919e-02,-1.587825467846828986e-02
3.725921562709976625e-02,-5.198391844047322609e-03
-1.117263439715339077e-03,5.582862311515740528e-02
3.576432292396296460e-03,-4.716039668625211095e-02
4.381148471922226978e-02,-3.316611580384201674e-02
3.346181175812630582e-02,5.923215767864194875e-02
-2.445838087939367078e-02,4.863696815514998231e-03
1.269597161733470106e-02,4.857036991318461339e-02
-9.402481469614204154e-03,2.906732499107887724e-02
3.669835370016051590e-02,-3.719252952147991675e-04
-1.696533932526265304e-02,-3.636953827115793625e-02
5.001234499438081404e-02,-3.910358534226098665e-02
4.729478607842146215e-02,3.690114812205304989e-02
-5.091709418493717276e-02,-6.091082256341046747e-03
1.250640092035001927e-02,-1.652419107182543680e-03
2.419741749007888257e-03,5.551528360703260334e-02
2.228486052041930843e-02,5.861970987660274079e-02
-6.085321411084760462e-02,-4.290441186622187542e-02
-3.800120732092283904e-02,9.019349246884411642e-03
5.456178259139084219e-02,9.247881825279991377e-03
-4.409617236860598893e-02,4.729457094442759274e-02
-1.966147515421274358e-03,-2.739834492047373352e-02
-3.334164104598382611e-02,-1.118263431623706464e-02
5.039751961475839176e-02,1.201569739473784190e-02
-1.271128801733393925e-02,-2.118606496751358759e-02
-2.232881560179279454e-02,1.118603591347757178e-02
1.358577753859500914e-02,4.637349987944651246e-03
3.219341621918266061e-02,-4.610032019227044975e-02
3.662790328103072285e-02,8.396445620502014998e-03
-2.537120431174604354e-02,-4.808380154598523165e-02
3.751627344218244620e-02,5.717212176337686108e-02
-4.728364597919862411e-02,-5.028754473810960468e-02
-9.195960082173311109e-03,-3.538454076280356242e-02
4.002106416976377451e-02,6.031614710407545710e-02
-4.199995379375673354e-02,-3.837453995987701039e-02
-2.400026074112892802e-02,1.117234044429420495e-02
5.936999140492226629e-02,-2.622142133238823322e-02
-1.497594714113568634e-02,5.749450770066365929e-02
4.859718648906682925e-02,-4.520289329905099324e-02
4.658629192094593773e-03,-4.707417261105602269e-02
-4.389606096530272727e-02,2.002973149543225972e-02
-3.134167644843198486e-02,7.420068105211359739e-03
-5.023932727469237330e-02,1.062203225328336303e-02
9.540011137985117406e-04,4.947740692508912491e-02
1.245236518842102527e-02,3.777665164825944055e-06
3.345771758209786177e-03,-1.016921935541839281e-02
-2.074545138213218509e-02,1.125453113758147043e-02
2.040741420884654989e-02,5.409479319547638720e-02
-6.533975649519694132e-03,-3.763743074557270030e-02
-3.236650395736164615e-02,4.920038193463990156e-02
1.793119765604395816e-02,3.469448316124072729e-02
5.167900342214579168e-02,1.385856506474636082e-02
4.459381983160691509e-02,1.358473747157965157e-02
2.069397084609468987e-02,5.853822035750083641e-02
2.587057871128803019e-02,-1.023741639978092630e-02
-3.320813515027582624e-02,-8.060361739734865638e-03
8.030244573603920188e-03,5.735445182533153996e-02
1.636138394162939269e-02,-4.751727791441923143e-03
-5.409658125339156937e-03,6.472923725278183216e-03
1.365292419377547167e-02,4.478224716450095871e-02
-2.588976136125792013e-02,-4.815282842331667680e-03
-3.369441909629693199e-02,-4.150065187117036453e-02
4.263477659031955636e-03,7.733569966505544034e-03
-3.553098387115746076e-02,-7.658528056513081925e-03
6.416347152778447208e-03,8.396287577784910736e-03
3.314010549173265069e-02,1.429557374004228332e-03
-8.747275386789163734e-03,3.674842873337942628e-02
8.801651870859773796e-03,5.074379801805964027e-03
-1.241041545997606695e-02,2.749384782398563154e-03
-4.689799599815957371e-02,-2.982692042410742955e-02
2.349593892614087673e-02,-4.238163642250990237e-02
4.259198873508284605e-02,-2.849968945661919897e-02
1.823548210921833307e-02,-1.582978393786752327e-02
-4.472055829082058169e-03,-1.139066694462458063e-02
-4.185597989855584754e-03,7.082690998120005910e-03
1.177179660486150914e-02,-9.259160841670010383e-03
-3.956153840441262171e-02,-4.607077835417951184e-02
-2.925202205543276507e-02,5.492406986132317148e-02
7.640342243208114725e-03,5.067975464204416830e-03
2.548120742229351837e-02,-2.480239395691313797e-02
2.021942439106953066e-02,-4.224173528343637407e-03
1.141443580770338737e-03,-1.899121310989792741e-02
4.781959053300546825e-02,6.892710114444731279e-03
-3.047718293620334598e-02,-7.256640392767838184e-03
2.473291533924895300e-02,1.215223919647271528e-02
-2.454441588342792108e-02,-4.801841480205600726e-02
-2.551036794543129482e-02,9.286640351658326242e-03
-1.357068628356805466e-02,-4.862627932899001026e-02
-2.991823167642176234e-02,2.624578391601849192e-02
5.312860748976586112e-02,1.342012655871103848e-02
1.045818306836135067e-02,1.180044983769366201e-02
2.258252926639745320e-02,8.799214066888827457e-03
4.508964889719582758e-02,4.998859539885605607e-02
-5.673983324150838614e-02,1.009422442823878011e-02
5.217760959820789968e-02,1.315136850871347594e-02
-1.817955978181487117e-02,8.259235903450823021e-03
-1.395148333975273526e-02,5.619703875623198452e-02
-5.772244470359407659e-02,-1.285760804055110368e-02
5.526734315813085913e-02,-3.455396463624554881e-03
5.741126381887013547e-02,-2.581298914387009438e-02
2.195987561983917674e-03,5.686088729118304874e-02
1.228462051477057469e-02,-2.027042360646652552e-02
2.579468327488801047e-02,-4.286725196601867682e-02
-1.785302961181014668e-03,-4.560636347345625730e-02
2.476626776527356133e-02,-1.064933465314565203e-03
2.955154171017844791e-02,1.260801426420039492e-02
-1.173941318089110133e-03,5.484840715329923622e-02
-4.987123231367101422e-02,-5.139907891657616301e-02
-8.210383623349651327e-03,7.754205570445486979e-03
-1.472002024877811822e-02,-1.125466117022308823e-03
2.718641958510308390e-02,5.070812221743305898e-02
-1.304590885589440932e-02,-4.732151160135325552e-02
-5.911738524350135943e-03,-8.274833848368485373e-04
-2.058305365730085310e-02,-9.722306064882762361e-03
-1.839026335256856506e-02,-2.108506198415572089e-02
3.756019814267736769e-03,8.632531947999042693e-03
-2.132214691419502886e-02,5.594451010685453501e-02
-4.495529280260086163e-02,5.721994436088660707e-02
-4.921992116341322721e-02,-4.944176415684038012e-02
-5.622953198320057577e-02,-4.175769802359026450e-02
-3.014485957285231027e-02,-7.637688921663041142e-03
5.416298508055174266e-02,1.394430595605027426e-02
2.486642818733840118e-02,-4.395923000059085567e-02
-4.544617667039537595e-02,-2.824684618579588469e-02
3.640692950116296289e-02,-1.121436369854521969e-03
4.062987678643348310e-02,-2.606894941423425899e-02
4.397729823209691608e-02,-2.094814567008562028e-02
4.377923013482781789e-02,-6.626370462152672385e-03
-1.528448119206122710e-02,4.047004754979457303e-02
-3.115149443748414099e-03,5.589051091530002763e-02
1.834432617044319189e-02,-4.575115861251487226e-02
-3.762928919093056629e-02,7.427809664735053954e-03
3.226509428122258105e-02,-2.957473908935625076e-02
-2.731254808581969062e-02,4.539974523574487331e-02
1.591832134699503951e-02,-4.365324512972082460e-02
2.750753570784471649e-03,-4.523510768882427202e-02
-3.443998556122318533e-02,3.963890276532547330e-02
6.054253468233867369e-03,1.141128575114254418e-02
4.530587941332998858e-02,1.342908862506669160e-02
-4.993551300621648648e-02,-5.149874157593740259e-02
-4.129677971330153463e-02,-5.051628930173802934e-02
-1.299653453652092026e-02,-2.260598423733343673e-02
-7.246410823980524007e-04,-2.589990429614060646e-02
-3.488558541091181520e-02,-4.989200157444792505e-02
4.328017167394820203e-02,8.477513882571887857e-03
4.285650468172568645e-02,1.010379008790254600e-02
2.350752753336582401e-02,1.159336027122909174e-02
2.007295249443061952e-02,3.599921800290597357e-02
-1.054441683589806868e-02,1.675761932382727887e-03
5.240132958399644492e-02,-6.629954685680247359e-03
4.170924127503676526e-02,-7.222272497660057328e-03
2.676940914203597421e-02,1.288348105042437172e-02
8.186107677868917007e-03,-4.720620571494832385e-02
3.655193970087694533e-02,5.391015877135083012e-02
-1.257148986392776953e-02,-1.328417767041358173e-02
2.954315616017871501e-02,2.852030277424666763e-03
-1.841902682750523254e-02,-1.419591166729268841e-02
-1.883503011236226099e-02,3.949971706533543514e-03
3.541551855963515766e-02,1.297583599990222332e-02
5.051912161466623474e-03,-1.683390083206329213e-02
2.447190855290945835e-02,3.800931111012686991e-02
1.917545605871302794e-02,-4.737108375776422770e-02
4.962853873164965735e-02,6.276750944266298827e-04
1.688728213132999548e-02,2.630227644555267752e-02
-4.387781016595675848e-02,-4.629259838711838326e-02
6.941609374130806691e-03,1.215879112608162817e-02
-2.895956646957846548e-02,9.709899946158643755e-03
2.379534898342369753e-02,4.895855796557679190e-02
-3.775638792171547714e-02,1.038145336363447725e-02
-5.113630067990344169e-02,8.651784326279644832e-03
5.405138141370520628e-03,-2.641780150331537319e-02
-6.892587597547375662e-03,-4.555123496791062265e-02
-4.144072149043719067e-02,2.251350799097824595e-02
-3.809086023850328379e-02,-1.810919363585022576e-02
-1.735126384618480844e-02,-9.961955981585949443e-03
1.046143216433446411e-02,5.631249596406266711e-02
6.138735982896876067e-03,-2.654037724630287087e-02
4.148431708966372755e-02,5.319029929409147678e-02
1.753596247071739778e-02,1.840677623981128164e-02
3.971782092254016322e-02,-4.971208828282016289e-03
-7.026379871118860337e-03,9.056694215357107697e-03
-2.169801587233105913e-02,4.189828312051310788e-02
-6.038416096018729001e-03,8.138209873421998336e-03
-4.101632499507305851e-02,6.753601143662840006e-03
2.696550981973821343e-02,2.345917973916318566e-03
-2.075592089950571359e-02,-3.161677169106653223e-02
-6.044829002243310573e-02,-4.259965537013001013e-02
-2.207492646076918835e-02,6.837786994401079052e-03
3.215320567461019130e-02,4.777205793559874403e-02
9.986273824617197814e-03,5.814554714747238728e-02
5.445304972222037715e-02,-2.247763371777623288e-03
-9.964429770034387290e-03,1.101896795851214569e-02
-4.701983881144940203e-02,-1.089655689441166794e-02
-2.832154008333976486e-02,2.379674370375926135e-03
3.393710752520289614e-02,-4.441829158970118929e-02
-5.688592539072893917e-02,3.935371933231004982e-02
-3.212973991860997025e-02,-3.746374016514162492e-02
3.432733503530664698e-02,-4.489429789882552757e-02
-1.814823490123851357e-02,2.199017661763572919e-03
2.689508130527047680e-03,5.783520717717220705e-02
6.046719030731462219e-02,-4.697721415527019578e-02
-3.603578126446114333e-02,2.873175542283998643e-02
5.554990701809038589e-02,-3.998360786293843339e-02
-2.317896173672581370e-02,5.383457995093426235e-02
-1.066453511676065946e-02,-3.076753851842371074e-02
3.257779180600120505e-02,-2.434938572289191416e-02
2.973303339081718490e-03,-7.288729666563489168e-03
-2.004240725251954860e-02,-9.464766067284718920e-03
-5.441138705550802729e-02,1.040570283072743060e-02
-1.777744152984934989e-03,1.024993199602081476e-03
-3.215464227863752689e-02,3.509085234718880078e-03
-3.075507883235674769e-02,-3.042921508082739243e-02
-2.236463004416157710e-03,-2.711991747781945447e-02
1.206143443633664325e-02,1.029889415679272405e-02
-2.641109001113096932e-02,-1.011930118373173884e-02
-3.299141862789776308e-02,3.352537353544658878e-03
-1.546072036509258535e-02,-1.581269636188236891e-02
8.121817199274881244e-03,-4.727833140166672055e-02
4.383316036242625863e-02,7.650504657378312187e-03
1.222812831231186691e-02,7.042888908197571587e-03
4.587665890347432385e-02,1.298323451339240125e-02
-3.229385428275340520e-03,-3.069206481294914357e-02
-4.879809762500124382e-02,-2.437295536377217381e-02
-2.475911434318947557e-02,-2.622222523229798125e-02
-5.087131821055234163e-04,-7.989052440469986832e-03
3.491506168891405498e-02,4.891530660034125455e-02
-2.251563974912982463e-02,-1.006730090201311822e-02
-2.354234855834756376e-02,5.633569528273774801e-02
3.431476089638060140e-02,-4.433198403896700113e-03
-2.451350421174372518e-02,1.099556967601199309e-02
4.534102265074878985e-02,1.094987666812624952e-02
-2.274713019812959688e-03,5.139620003055483943e-02
-3.383541979633415686e-02,8.889200896088533116e-03
2.177596677097442049e-02,1.257455387425195081e-02
1.173615746476575419e-02,9.502025850293051995e-03
1.910139638415444055e-02,1.177852555621386639e-03
4.398312059296673876e-02,5.551223836556579139e-02
5.677913034767946912e-03,4.112304053767053269e-02
-4.768227077274735104e-02,5.075235639341717925e-02
-4.865268525260348087e-02,2.942995514621644937e-02
-2.701090987484891862e-02,-8.149172981386358997e-03
-2.655614379216394288e-02,5.588338842140515988e-02
-2.883542073096068137e-02,8.838361783579528827e-03
-3.193836775171399883e-02,2.542182334614177808e-02
9.203431506342939564e-03,-4.733974750196547066e-02
-4.818985067180183574e-02,-4.395033810230546817e-02
-1.575770713140105250e-02,-4.566766090920511972e-02
5.542848408939272595e-03,-4.739710162779847691e-02
-2.543700577426794701e-02,-6.326880330444963063e-03
-2.933438154511336382e-02,-4.190175768248415727e-02
-9.452953347632485348e-03,6.594898699498736791e-03
-2.312678812115987609e-02,-9.397829892670680335e-03
1.071249568182257132e-02,-1.366716858106707677e-03
4.546653215090688122e-02,7.902686696012049122e-03
-1.794294078263070080e-02,-6.033548287341398628e-04
1.325484868066718371e-02,1.904480146278802717e-03
4.777364671116508810e-03,-1.588632684094857389e-02
-2.803222917596354113e-03,5.710932693872931842e-02
-1.966674366109658068e-02,-3.482891958165136581e-02
2.446119035549048151e-02,5.886950555330296847e-02
-2.543749537443368985e-03,-4.797361845550852238e-02
-3.097926504371174145e-02,-4.204112421049011061e-02
1.259415589501263616e-02,5.715114908844622088e-02
2.546181742720276392e-02,-4.469596456790406180e-02
-4.642409927342405762e-02,1.069118808157634194e-02
-5.128028475956525334e-02,2.599351067634644158e-03
-5.680579961151266399e-02,-2.720848115130511738e-02
-2.417289397147975860e-02,6.593287236007395677e-03
-3.274097712267414612e-02,-2.820507009914399038e-02
-1.832367387937634470e-02,-4.089569904285104973e-02
4.572841201706659420e-02,-2.213523289295145358e-03
3.701285128775638755e-02,-6.944147391651498899e-03
-3.917188848501346882e-02,-4.924675913886892437e-02
-1.087259281153374856e-02,1.134009555807496267e-02
2.765736237750343607e-02,-1.033726745245133749e-02
-2.421024158052095809e-02,-9.729189399708182417e-03
3.375604780551241801e-02,-2.231386550744078948e-02
-6.800359197914888215e-03,-2.154037952179516796e-02
-4.451503243209575106e-02,-1.273077364134209306e-02
4.709153555779632683e-02,-4.295213946276953132e-02
-2.540915285561535716e-02,-1.007319958397029716e-02
3.533364554727551343e-02,-2.174343670236618398e-03
-1.966900535721873705e-02,-1.461192331594088692e-02
2.882655606753775981e-02,-4.736189754051318285e-02
-3.433376011327352040e-02,5.294807265456623335e-02
3.698564056747329770e-02,-3.594148405868224927e-02
-5.573160506317306404e-03,2.531823404105845027e-03
8.403892423259187727e-03,-9.312225872501134205e-03
1.946671368359717547e-02,-3.644527730784880709e-02
-2.384904753661176366e-02,-3.878619157771025228e-03
-2.288938995562313575e-02,-3.667160845953268411e-02
-5.313997324591818172e-02,1.661773432336290319e-03
-1.999897204578964319e-02,4.956085882143337201e-02
-2.491111295531881625e-02,3.791534677173920287e-02
2.923059712039423677e-02,5.627945560622196752e-02
-1.873031769608640359e-02,-2.260502158911466969e-02
3.969701038477084498e-02,1.328346675348479784e-02
3.003512347224952458e-02,1.676197259960710007e-02
2.469242847310293421e-02,7.947147079758873009e-03
-1.391683420251687252e-02,2.588137249700129833e-03
1.561896787398333805e-02,-4.425835592626687492e-02
-3.204033448463919354e-02,4.938973440630578526e-02
2.203764509831255321e-03,1.118208968012948147e-02
-5.060194949264887332e-02,-5.139226249165759070e-02
-2.620490481387116252e-02,9.679536920397888849e-03
1.247759224908006476e-02,5.038436092392519633e-02
1.379828276691527980e-02,-3.990753058540832954e-02
2.647940779343943216e-02,-2.024972475880980338e-03
-2.623855027576567703e-02,5.491210344821880612e-02
1.891471848313254836e-02,1.211857106541356158e-02
-2.073397452654194076e-02,-4.880587778481555034e-02
1.489891270714373273e-02,2.824796539352497637e-02
-1.821375932560739819e-02,3.454109022077669205e-02
-5.352965330664966048e-02,-1.114473293053590969e-02
-2.238786492925681163e-04,-8.269384604018570686e-03
1.340793638947424329e-02,5.681321211029848745e-02
4.577129110159616765e-02,-6.315347648215717882e-03
6.058662402669862806e-02,-4.785775851145369908e-02
-3.050678612454424225e-03,-4.324075292806035808e-02
-3.947824915821798730e-02,-2.868267176099150925e-02
3.678501716490194251e-02,1.098431494954382054e-02
4.331100875697908165e-02,-2.439284771218887954e-02
1.841767522760676123e-02,-6.127527052272574090e-03
-2.195448351709950591e-02,1.925647882404070421e-02
6.435763205421227498e-03,4.079771233359692079e-02
-3.300675918330166908e-02,1.199709281496146723e-02
4.788830444966010735e-02,-4.155011834512844365e-03
-8.685245467532520802e-03,5.721282499441795316e-02
8.452470227618080756e-03,5.136492057064764860e-02
3.311194247068181828e-02,1.314782357172992674e-02
2.956917337829619019e-02,4.967800289910097311e-04
2.168850694518140512e-02,-7.603970697138669535e-03
2.249664628922263057e-02,-4.389247458055874247e-03
-1.828919823892836624e-02,-4.659989861943251294e-02
-4.244274425166767034e-02,4.572824036656918806e-02
-5.114782015328872555e-02,-1.560869231703804899e-03
3.280278437324515156e-02,1.226746642696840278e-02
-2.483046538709252765e-02,-1.046344009062557395e-02
-2.189945508299488003e-02,1.014736888940580978e-02
2.444883111867096268e-02,4.105171892952156482e-02
-6.036802761436905335e-02,-2.391715920639837095e-02
4.186633688969866596e-02,1.030522371040318991e-02
-3.464026517712834319e-02,2.030719420393960369e-03
4.434626485548142510e-02,-3.653936045777624736e-02
5.024824093866774033e-02,1.285615385997266116e-02
-4.848608447132557453e-03,7.940100329559291598e-04
3.296589624125514234e-03,5.232616617342253362e-02
4.405266899428753047e-02,5.516755603145712117e-02
1.365268888565430213e-03,4.484897536916678494e-03
8.140868221268356825e-03,5.410306214081997411e-02
5.946697655691093876e-02,-1.025935371986037500e-02
4.985265671310024072e-02,-4.136383991929605541e-02
2.659964400470156420e-02,-8.620756224752695873e-03
-3.649914967120193587e-02,4.346124561052003288e-02
-4.823287246571592718e-02,5.862317886926326355e-03
2.161453360720443778e-02,1.067558305680707878e-02
4.773504555968364690e-03,1.616829658168499051e-05
1.007177939418433393e-02,-1.924817623734262004e-02
-9.463098217509846588e-03,5.335684659552039980e-03
-4.543402895930313823e-02,3.826353547931612975e-02
-4.128511709394156598e-02,-9.143966942166762910e-03
5.776539072675655750e-02,-2.864751959004256318e-02
-2.799867079788023565e-03,-4.862800652312775432e-03
4.791730437049494806e-02,5.366665010050081924e-03
-7.103688134104372935e-03,-4.514863666041020462e-02
3.267687232309390843e-02,3.072848629822309136e-02
1.577624689433567914e-02,5.838338115660025862e-02
3.780621966076785218e-02,-2.560828599668187391e-02
-5.140629545143247936e-02,5.441243455419562947e-02
-2.265072241823108332e-02,-2.525007679520975545e-02
2.414213560619916238e-02,-1.276584172955184948e-02
4.002082331463001352e-02,5.194811791438394555e-02
3.642239981553761774e-02,1.235769375523012789e-02
1.087998512458162106e-02,-4.472524414828080164e-02
2.398062101426106860e-02,-1.916479989027730646e-02
5.352181387115990951e-02,1.574959573714500294e-03
2.636231445199509540e-02,3.193795533409416604e-02
5.601712529938932678e-02,-2.052268919666619743e-02
1.182895287756929176e-02,-4.744454789800171129e-02
-4.190109363621654509e-02,8.001564578049704529e-03
-2.713969211963280712e-02,5.718374740658343364e-02
-1.002383885494688431e-02,5.085044970180412072e-02
-1.378881136558561191e-02,6.458316708299083851e-03
3.859452949066165262e-02,-6.265547948020800534e-03
-3.956997399815018884e-02,-3.038288196491899934e-02
-2.624654457093444568e-02,-1.105087402517948916e-02
5.037664971325218899e-02,-7.552941430833007806e-03
4.028502356321609496e-02,6.368867058722912228e-03
-1.421639607687692763e-02,5.587117046070770587e-02
-2.560156407930695363e-03,2.880645245723734149e-03
-9.164282248249298879e-04,5.490309664791155619e-02
1.720641990156588502e-02,5.537211246584239355e-02
2.057974272617739755e-02,-3.343478849346143839e-02
-4.427190086990501205e-02,4.738770543193360218e-02
5.505622312249615867e-03,-2.251796646814241409e-02
4.558940793139855396e-02,3.706267757782921723e-02
-3.335263331422728267e-02,3.464346235414951514e-03
-5.780801838655966196e-03,5.702264767819741065e-02
-5.639210219933234874e-02,-9.708225312003667708e-04
-1.269525812730071257e-03,5.670480901406967089e-02
4.127376306038928883e-03,3.091097066115284370e-03
-4.325535125005095655e-02,-4.464803405839350842e-02
-1.863449825937019827e-02,-3.615143789639790970e-03
3.568664990552287974e-02,4.296075956929500117e-02
3.511379973176899372e-02,-4.144934148204893615e-02
-2.016219446226765258e-02,9.933430607516550992e-03
1.345418570578870918e-02,2.413343398873991213e-02
-1.683291954687286124e-02,8.677051407030178520e-03
2.282465562692227376e-02,4.817265113562271828e-02
4.534538655710956129e-02,1.195594036948297890e-02
-1.174767976652842973e-02,5.638663307097453031e-02
-3.714435084791085917e-02,-1.069181488612033423e-02
4.567755460374076093e-02,5.932483152526712988e-02
2.273345640736156373e-02,-1.633366637114798403e-02
-4.007775345418657098e-03,3.061404157427678394e-02
2.659898385528689999e-02,1.279064986908103746e-02
4.171962230000342275e-02,1.315886535087842923e-02
-4.538889182970554104e-02,-4.483133621038924710e-02
1.090673451173384059e-02,3.141168444976407542e-02
-2.768188033535259884e-02,5.752623289297447567e-02
4.741931873094426542e-02,-4.212903487272801756e-02
-3.849959473554380451e-02,2.166063518409861582e-02
2.537522116485142060e-02,5.295036407360813324e-02
-1.552921109853682563e-02,2.806218140960964336e-03
1.223861902646317459e-02,-4.668371121375057553e-02
1.498539408621854876e-02,-3.560396803593365855e-03
-3.581884658816340827e-02,-4.238361040247983630e-02
-2.831378397526668114e-03,-1.496794049522306991e-02
4.237655816521198639e-03,1.181401659091508086e-02
-3.628170243919169591e-02,8.802301883922525674e-03
-5.906536566881334660e-02,7.203487836670211149e-03
3.348520062169140638e-02,3.045979336308856505e-03
-1.990356283435713858e-02,5.742516783918539397e-02
4.804128352657815668e-03,-2.201103939272433530e-02
4.775299468685847981e-02,2.724883862329045836e-03
-1.148004069798361747e-02,1.156673318334889948e-02
-3.591375492373076461e-02,5.733855965485606249e-02
4.219833849182388907e-02,-1.410651527981057057e-03
-3.784383784711633364e-02,-4.758475338328723575e-02
-2.587341875105164321e-02,1.116572053937398695e-02
2.044634211843406740e-02,7.475804330119417002e-03
-4.271350815353737451e-02,1.085689928957650659e-02
-8.793950802160716354e-03,4.492729862289861209e-02
1.066701014776342410e-02,7.324226826850132287e-03
3.137715956225777675e-02,5.964475409681095630e-02
2.759315544457920100e-02,5.065323248680797530e-02
2.067500621906927585e-02,4.697290126883401501e-02
5.506653841782559178e-02,-3.044401836784317236e-02
-4.745495315221791993e-03,-3.979393440831315368e-03
-3.307100457142822178e-03,1.082235835820268173e-02
-4.224100593636231915e-03,-9.010606254765454390e-03
1.356940415313550100e-02,-4.217301906815761059e-02
5.396434639632757824e-02,-7.967183430589164228e-04
2.498074646575222310e-02,3.298288748169454776e-02
1.487529441759801938e-02,-2.408377853808813668e-02
-5.397679861458340445e-02,-4.518307525017054710e-02
1.325287631531362788e-02,5.823925549655555034e-02
-2.586306116627316160e-02,5.388332924557115433e-02
-9.195801015782002416e-03,3.351934256018290065e-02
-4.690773144771464426e-02,-9.106397847541733426e-03
-1.956716911791315031e-02,4.756199990115641402e-03
3.991506048429228903e-02,5.756709908389837788e-03
7.676285639415701516e-03,-4.521526896524024827e-03
-3.044795886856255587e-02,1.081063620100219252e-02
9.006640525621880874e-03,-3.467421791074964954e-02
-5.478670871038097967e-02,5.105469415930442845e-02
-7.373373413535905078e-03,-2.251672245160081867e-02
-2.178886305157444123e-02,-4.441051128992254404e-02
-1.278735240115145069e-02,3.317988799601256748e-03
2.637299849798447129e-02,-8.056614121883909352e-03
3.223190505847790127e-02,1.310335767078344218e-02
-4.295767283511310597e-02,-5.056212051383449091e-02
-2.018170081297754326e-02,1.046908214415539617e-03
2.510025696437707954e-02,-2.074055293917668324e-02
3.596740426945545244e-02,5.652748988124881024e-02
-3.360271546869802312e-02,-2.394344878229995310e-02
-4.062530976699176011e-02,-1.710748405658180440e-03
-3.038988756288823340e-02,3.481756125113456835e-02
-1.832024538595957222e-02,-4.764733935029566089e-03
-5.250289194037843082e-03,1.176282416204589218e-02
-1.003480976523506846e-02,-4.218913000739202973e-02
-4.605749591397562126e-03,-4.654104649346716555e-02
-6.275907552938263245e-02,-2.508082713811723291e-02
1.941136557017773476e-03,-4.346258242761852353e-02
-4.432014463778331803e-02,4.256656648151678490e-02
-9.842574656649602516e-04,-2.010462109095977751e-02
-4.865478479896167413e-02,4.792761253765232335e-04
1.752124143626275499e-02,-4.677350318779259497e-02
-3.884788396551312056e-02,3.529794997663857764e-02
-3.409707454450317671e-02,1.021297112188776848e-02
-5.596041395790262926e-03,1.119693515396615394e-02
