6.020947316065769606e+00,1.533520851354085046e+01,6.177790505607530847e+00
-4.412240360917389026e+00,1.435011961896555555e+01,5.681661783020223844e+00
1.535094486749870590e+00,1.750564332662548495e+01,-4.072152125117689536e+00
7.299303975239987974e-01,1.129445325527986910e+01,1.812220066929119966e+00
1.201774702842875575e+00,1.942603758272528580e+01,-4.272379240491333441e+00
1.908346023235879985e+00,8.128545655398424330e+00,-3.793294804485783711e+00
-5.698297644553345087e+00,3.924202816100599289e+00,3.850858388702170565e+00
-5.770176799508567989e+00,1.442416173887148823e+01,3.697152474713726100e+00
6.318386164998699428e+00,6.432906083176030521e+00,5.937556390727478650e+00
4.602663055018976247e-03,1.355681349144319725e+01,1.573714300977148817e+00
-6.091398007386976676e-01,2.402734928308225548e-01,-4.800119406239824471e+00
6.080979443566478793e-01,1.075897607878941642e+01,7.907385432487059163e+00
1.371316558710431011e+00,2.858880358680930822e+00,-4.175669028745044642e+00
-5.945770214030722478e+00,9.209363775095686933e+00,3.271001415095292408e+00
3.268009379001199033e+00,1.527689528623403170e+01,-1.328374146446234194e+00
9.469427004571778994e+00,7.002037949833194830e+00,-6.087103952483018388e-01
9.433636416136224057e+00,1.164272821413470993e+01,-8.738821479068868692e-02
-6.112268655039455822e+00,1.806234922779524155e+01,-7.605042006893436568e-01
9.401952489667008805e+00,7.490765716413097408e+00,-2.189883504407988735e+00
9.364826394893583483e+00,1.433587080883417997e+01,4.572997131174787455e-01
1.716676429501926338e+00,1.838177876502370367e+01,-3.944545416123603321e+00
2.950215039158238461e+00,3.183598955753572657e+00,-2.449430235661371302e+00
-3.816003063612659396e+00,1.991776458081333701e+01,6.228210675824812803e+00
-5.898215477364178838e+00,1.293890951059389138e+01,-1.369291214873238127e+00
-5.584335845341931170e-01,1.311871862260613142e+01,5.859266398425931888e-01
-5.793743969839754371e+00,1.960536640170640865e+01,-1.607324125973860429e+00
3.229251519582509999e+00,5.898274925631284304e+00,-1.588198135826140556e+00
-5.379351189751857554e-01,1.817378031180629705e+01,4.607931701546190140e-01
1.188887704651076627e+00,1.822849401653275336e+01,-4.279321600657673308e+00
2.741806254131570864e+00,2.755518363409246163e+00,8.025327163751111437e-01
-3.014322784091821861e-01,1.027353586919664608e+01,7.809587931412321105e+00
-4.991402564245635887e+00,5.750917531311618980e+00,-2.875650580439649495e+00
-1.316701416637719113e+00,1.270524923522814653e+01,-4.802749219698320360e+00
-6.340461664832688804e+00,1.603397410332545903e+01,4.782727752664184817e-01
2.413048527259122444e+00,1.589629159404793590e+01,1.180858384913653580e+00
-6.125384627728873710e+00,2.681186244795932261e+00,-7.150372700056271125e-01
2.566814819806612080e-01,5.088289644825804814e+00,1.701287335281083113e+00
-6.067374832711201371e+00,4.273981452655933211e+00,-9.070096697017944187e-01
8.944205319377243057e+00,1.342913032440026022e+01,-4.147311822181862340e+00
6.444074656717336813e-01,1.854113479568106904e+00,-4.525286497160697863e+00
1.307371084935780692e+00,3.213986028426207842e+00,7.910464650043064871e+00
1.176840097436266053e+00,6.873960413199009523e+00,1.799329341336026511e+00
3.933365260989673540e-01,1.851941031913541735e+01,1.748384878853498581e+00
3.653577148496950366e-01,1.910123301458402878e+01,1.739836283590896482e+00
3.033997650389945289e+00,5.072667966205182566e+00,-2.256358260651424086e+00
-2.806457005991648199e-03,1.338951342729121130e+01,1.569005133094479199e+00
9.413289166406459074e+00,4.921411761493899029e-01,-2.096427219857739832e+00
9.352927089906268421e+00,1.089349644475277756e+01,-2.529291319238000213e+00
2.810224945387433060e+00,4.356733639423683968e+00,7.023837808334334465e-01
1.165225743033779793e+00,1.203017481903599695e+01,-4.291923277054227270e+00
9.289296438143663792e+00,9.821170453501352426e+00,8.772190695465537091e-01
-5.905956470617118370e+00,1.222404507149284925e+01,-1.350463689230294362e+00
-5.575386574612299917e-01,1.428961255472066583e+01,7.299539679623224808e-01
1.544184010779564131e+00,6.316192199793588813e+00,1.711203180826918802e+00
3.264276202914858871e+00,5.603202023816793442e+00,-1.360798686994647566e+00
7.495646229487055168e-01,6.128166167157418798e+00,1.813888404586931014e+00
-5.035773088674335263e+00,1.521775031006701795e+01,4.947876047122180765e+00
2.380226110247527060e+00,8.895956124212549554e+00,1.211469482770390016e+00
6.944594987976741685e+00,5.992432477862292828e+00,5.352784529846209338e+00
-5.465374078560742532e+00,1.061837244831360660e+00,-2.216825855182307681e+00
-2.872664627941360127e+00,1.921829779521232595e+01,-4.438280444297951099e+00
-6.258437214406944449e+00,1.815700722702427328e+01,2.131441300135152428e+00
-3.934282082616735732e+00,1.309329301314738458e+01,-3.854789848100338645e+00
-1.785623673800629252e+00,4.194146705904568506e+00,-4.747440875293775342e+00
4.945577049193724761e+00,1.460243554931771826e+01,6.884714832574416299e+00
-5.587839835001000566e-01,1.131175330173108939e+01,5.904026694647610540e-01
2.359223128822274695e+00,8.354474572492343043e-01,7.798704847159402043e+00
9.033394067010457107e+00,8.909109327629547437e+00,-3.876875542867622482e+00
6.389428145504165713e-01,4.872535912588114471e+00,1.801657005006276568e+00
-5.524732748149884465e+00,1.513064967695517460e+01,4.186238247870604390e+00
-5.241669564003119675e-01,1.427570269345618037e+01,4.129881100873123434e-01
-5.177977265059210410e+00,2.968577599001809286e+00,4.747972238237012199e+00
-6.283876928530987449e+00,1.123303519542410100e+01,4.355549555688728765e-03
-5.369659605012487624e+00,7.716196160108612645e+00,4.452401853467163662e+00
-5.522871368518412538e+00,1.204036128502642455e+01,-2.121717081759294743e+00
-2.154484568864786231e-01,1.348544847072870034e+00,7.823483886245000463e+00
-6.291407937343365120e+00,8.395343385580019913e+00,5.314537496672826905e-02
-2.095742606871705827e-01,9.408753858345361820e+00,1.407462729683588876e+00
9.068892584646567556e+00,8.773153063304777177e+00,1.743087624399194624e+00
-4.266483719918720219e+00,5.783626491151672155e-01,5.827010964838488682e+00
2.782364242980004843e+00,1.496328905098482664e+01,7.443164728550203391e-01
-5.109721032422789300e-01,1.994335190444038020e+01,3.760282413044951921e-01
2.701188737234047732e+00,4.548879478388288433e+00,-2.898816641573793706e+00
-1.973057349747343869e-01,6.084322180946961645e+00,-4.749808589029167472e+00
-6.325705093151571923e+00,1.510732084432110511e+01,3.206013731840122727e-01
2.999546736272626912e+00,1.221667348111516382e+01,3.623943730351029124e-01
-2.868021070792706961e+00,1.483590980095026879e+01,6.885930567717576167e+00
-1.991439373297261506e+00,1.111176480978139480e+01,-4.708700055580764321e+00
-6.293147753632572616e+00,1.119630269315135429e+01,6.479668686808105760e-02
4.413122714037076011e-01,1.482501870105211772e+01,1.761803964854699922e+00
-1.187105772630832334e-01,5.287610605753137349e+00,1.486366236500140658e+00
9.474136996479792572e+00,1.994135750121687423e+01,-1.239274999606532202e+00
7.652354914676511299e-01,1.485934400482577544e+01,-4.478233927013341109e+00
-1.286964065540810775e+00,6.522610145436223306e+00,-4.804725599036850703e+00
-5.393038150229896299e-01,2.862893464733502480e+00,8.459986147591836980e-01
2.406388044134162740e+00,6.436187500549217511e-01,1.187157951467748163e+00
8.526196880405244372e+00,1.192154697501059957e+00,3.108492300264431130e+00
3.698888853398837329e-01,1.089846467544197672e-01,7.892152089521943914e+00
-5.484822766935820937e+00,1.449474401287936587e+01,-2.185111093120043702e+00
-4.537680179273586023e-01,1.421076243158757535e+01,1.082671179997491517e+00
-4.839404212602850919e+00,1.029837406357836826e+01,5.201536602805655995e+00
-5.409516921414985191e+00,1.115594124034461387e+01,-2.305465202917710066e+00
-6.154360065884059594e+00,1.633422490180517173e+01,2.607456390888836850e+00
9.259323276606551190e+00,7.454560878922729117e+00,1.018732407494740144e+00
4.035016045816124941e-01,2.405466208412665452e+00,1.751357424759868442e+00
7.512629302630114303e+00,1.229772012883885601e+01,4.706458993302235605e+00
-6.039463497541536441e+00,1.716692432862052531e+00,3.002214956631410026e+00
9.462217171036746421e+00,4.181916892422828269e+00,-4.606644412723769899e-01
-3.136809453412451543e+00,1.384512030925177584e+01,6.721405790348290665e+00
-4.306409004214411418e+00,1.287980901848240123e+01,5.788024854626201865e+00
-5.756813910417365676e+00,3.643776452229874341e+00,3.726497515070715139e+00
2.678748968142288245e+00,5.965519105509800468e+00,8.870724539503276329e-01
-1.980160526589118050e-02,3.835339428599804368e+00,1.557961230142826725e+00
-6.350265979513684655e+00,1.984807731720235324e+01,1.358254221881816326e+00
-6.308191940373659712e+00,3.593557474411923636e+00,1.726995413655710021e-01
-5.562723051339556690e+00,1.943198711592043892e+01,4.116592769737575708e+00
-1.890230700779883755e+00,1.992515313052079406e+01,7.363992727739523403e+00
3.532668852556451355e+00,1.571886648924523655e+01,7.504015300922779019e+00
2.505521033440232692e+00,1.606525829085655133e+01,1.088501640416829064e+00
-5.394287897784985075e-01,2.129380038535990671e+00,4.668451242503833254e-01
2.311718495345543190e+00,1.679675543349640776e+01,7.806793837268027225e+00
-2.544109335811632011e+00,3.970080174107706306e+00,-4.559583162537520273e+00
1.048827250884001083e+00,9.321796546865893873e+00,1.813671072965872044e+00
-2.989650195183960246e+00,1.485463106216912976e+01,6.813435162734326589e+00
5.741275421580689375e-01,1.996350122772710023e+01,1.791213051956071389e+00
-4.794254520997535352e+00,1.879092888590871979e-01,-3.100009468861293360e+00
1.905237992561723770e+00,3.855497327261425689e-01,-3.795896282609775518e+00
-4.583779634964622929e+00,1.637884858736766347e+01,-3.315245670661933985e+00
2.510503234648856274e+00,1.784178070207985911e+01,-3.168206454502546787e+00
2.460548708659301198e+00,1.940059011767838371e+01,-3.231466728503981312e+00
2.385048787188633668e+00,8.662931540540180109e+00,1.207039140376873654e+00
-5.240629168088529743e-01,1.911373464382819165e+01,4.126691098167279970e-01
-6.037404805569670962e+00,6.597660441175166035e+00,3.008540899018776305e+00
-1.839612791532036606e+00,8.951551163698628244e+00,-4.738140518164474457e+00
-4.072943945094634088e+00,5.040408130021186039e+00,6.007719657070866859e+00
-1.951215074260616578e-01,1.206907925388347991e+01,-4.749442522050664195e+00
1.494657222382488770e+00,4.400339049433847904e+00,1.727218542858909522e+00
-6.207010785106213291e+00,9.728113595252644075e+00,-3.952980116680351319e-01
-5.591089499914281280e-01,9.320486358707835706e+00,5.948742303568361756e-01
9.476866534532735642e+00,1.737356938638271586e+01,-1.084599054836575593e+00
1.356643149237554580e+00,3.391656187558416136e+00,1.764978412229257998e+00
9.198917898872096544e+00,5.910497775610914495e+00,-3.284577690890661206e+00
3.681060841383738236e+00,9.386684794422608391e+00,7.453267703167612446e+00
9.391573184807834096e+00,6.691875540100808983e+00,-2.269402641274896215e+00
-2.740086402760244511e+00,4.772384468994703255e+00,-4.490280307513272895e+00
-1.342041190392197381e+00,1.474578662890010960e+01,7.560102342657020635e+00
1.058150502057546571e+00,4.856032632745148625e+00,-4.346648752375858571e+00
-6.310525079051408248e+00,1.822945886611532273e+01,1.907809337263605964e-01
-4.932041252430786393e+00,1.039875591138722122e+01,-2.945748700105821793e+00
-1.782523326211215453e+00,1.181056019130101120e+01,7.406311266785730929e+00
2.925283288903222534e+00,1.645852766246937993e+00,5.091610549859777457e-01
3.157785104420216538e-01,1.935764355337117326e+00,1.723330851393202634e+00
3.808573263103830708e+00,7.927590784306801197e+00,7.407121875919003173e+00
6.930249869139294416e-01,1.098216997881247714e+01,1.808501676995798446e+00
7.791734309769554834e+00,1.763664355972959186e+01,4.336028434862630121e+00
5.662722946081563791e+00,3.970484777238982854e+00,6.439632970426390379e+00
-4.082992957846542370e-01,9.324560882173305032e+00,1.163852103745373956e+00
3.287507518864988931e+00,8.971938146629078403e+00,-8.844133239405403968e-01
-5.629580660769440748e+00,1.123732914857272114e+01,3.989127420273777869e+00
1.876535834204116959e+00,8.276525144599819583e+00,1.568128353135320285e+00
8.703161174051766480e+00,1.790619376646277061e+01,2.728836593439465830e+00
-6.158140513430604202e+00,1.227498039863968948e+01,2.592717841145096624e+00
1.922576668842485015e+00,1.463495286199117018e+01,1.543105826076973219e+00
-5.430960394835980809e-01,1.228788235617366809e+01,4.827402169986466651e-01
9.458058892216762104e+00,1.070931775920444906e+01,-3.916642474257310824e-01
2.450303863843582286e-02,5.817341302201937125e+00,1.586054883246384328e+00
3.232948350193124654e+00,9.813988042281954094e+00,-3.622672505323352166e-01
2.239919317936315268e-01,8.173286067552201217e+00,7.879218969659630645e+00
-1.531352882455594866e+00,2.399953301083845858e-01,-4.783077336880907637e+00
1.708426040271452395e+00,1.003219289291422811e+01,1.648460601179787988e+00
2.431041583945843798e-01,1.047667279310408261e+01,-4.653854036782367309e+00
-2.885831686625861092e+00,5.138307369811823122e+00,-4.432885529357177390e+00
2.576061178697569343e+00,7.140871544625171374e-01,-3.080940286842489328e+00
-3.067314907254104384e+00,3.111976536726048792e+00,-4.354180779228790321e+00
-4.119047564810405793e-01,1.843915666677152387e+01,1.157959260001316881e+00
8.721795870482084823e+00,1.084611809392480630e+01,2.686016241844759289e+00
3.195839279479841810e+00,1.677010901582507785e+01,-1.920116770971569964e-01
3.152688771725527861e+00,1.149263705360105092e+01,-3.561843873734180099e-02
9.372752759694712665e+00,7.403840721922683166e-01,-2.402060187323570073e+00
-2.074286436790591104e+00,7.998615905735526610e+00,-4.690574937385209253e+00
-1.112693560703681195e+00,1.549062397131391045e+01,-4.812644705872046735e+00
2.648889376362195236e+00,7.039663180081925375e+00,7.743042394652352556e+00
2.039391937386939802e+00,1.135906881119910494e+01,-3.678713264932555571e+00
4.003839266241583594e+00,8.533214735388574113e+00,7.331818160878844637e+00
3.284016200055624779e+00,1.749010465583958407e+01,-1.130059059961751267e+00
3.442236839670260728e+00,1.335831123704807943e+01,7.533405125733592556e+00
-4.114317638090972729e+00,1.121513410336051741e+01,-3.721697050304305865e+00
-5.226531447396064456e-01,2.621663453106215513e-01,4.083959808285589355e-01
-4.959760561259894729e+00,1.310630208156726262e+01,-2.913302018394575477e+00
9.445341077854391143e-01,1.475911027412747423e+01,-4.400744269456026814e+00
2.223920537771634787e-01,2.481833850704633360e+00,-4.659390970446356306e+00
2.018054943127456369e+00,5.604256517392734338e+00,1.486812035988431147e+00
-4.998420041925609181e-01,1.838888329252534870e+00,3.491224473978741250e-01
3.334039416881713902e-01,1.559108433457467768e+01,7.889175598820775015e+00
-5.048619510232494889e-01,2.290679189040381036e+00,3.608584342119380839e-01
2.951509754190106971e+00,1.070395983206045543e+01,-2.446661440168554247e+00
3.040887814929507549e+00,6.607108566700152785e+00,-2.239024677143917952e+00
5.593228251297662768e-01,3.004485809198040869e+00,1.788476549100658675e+00
-1.227472823258305423e+00,6.140148655089139318e-01,7.595207983261718532e+00
4.164587294901248016e-02,1.102426081981143113e+01,1.596335683723336896e+00
7.230705749874970500e+00,1.259951154034437870e+01,5.043243663453115033e+00
2.955757298855546278e+00,2.110597391222139851e+00,4.514361655933443185e-01
-6.249700714982352245e+00,7.591312748424114965e+00,-1.910771994200088919e-01
3.254069271772905836e+00,3.625038523942003543e+00,-1.438380105400480113e+00
-5.769319534667812777e-01,9.608273697588877837e+00,7.758333800557670301e+00
-6.329738008168436458e+00,2.970915614337865662e+00,1.619845224686937923e+00
-1.759528871791020466e+00,1.193005101814172697e+01,7.415100079554134638e+00
-6.357671505504311149e+00,1.474606723355344329e+01,7.823891479638471758e-01
7.210777022899382160e+00,8.281623584522312953e-01,5.065796844005043376e+00
-5.158581666803254695e-01,1.305539522442808753e+01,9.320816479656307552e-01
3.209069133413124053e+00,1.228177849808178479e+01,-2.476450561503620029e-01
8.125728271008554326e-01,1.863469350482397502e+01,-4.458683471284426325e+00
-6.124767408946527603e+00,6.630952645376543941e+00,-7.172069968761279890e-01
1.710848991110983652e+00,1.340593380020487935e+01,1.647421356205602594e+00
-2.311157916306363802e+00,9.099814692669305316e+00,-4.630603682926720310e+00
-5.790320883769158655e+00,1.596365907873104995e+01,-1.614669203503509287e+00
9.170192853764870478e+00,1.029143748235009781e+01,1.387673839509235840e+00
3.084587515520292200e+00,9.541013702166180721e+00,1.627530464848163660e-01
2.624162088716838870e+00,1.187554277443692019e+00,9.550459065722649576e-01
-5.749958817575850922e+00,1.606458030339191367e+01,-1.699366925792126670e+00
3.287112045459912757e+00,3.590630811851327486e+00,-8.687743370066687287e-01
-2.084302066187915248e+00,4.708187126195197969e+00,7.282852197107286152e+00
-1.605030531173597064e+00,1.016776024562927638e+01,-4.774132003240682209e+00
3.134449370647421684e+00,9.703961056650484807e+00,7.624882777301003500e+00
4.316795729028133355e-01,1.940524632666417659e+01,1.759232964831633383e+00
-4.031742587590860794e+00,1.428589395536653761e+01,-3.784164313013403724e+00
6.888261240977788802e+00,1.971083278514578296e+01,5.410319163107186746e+00
3.262285964955288886e+00,4.905918354615610433e+00,-5.477973121116710420e-01
-2.068384965124218766e+00,6.035205849103171261e+00,-4.691914498880245254e+00
-1.269305715437942572e+00,1.170371837718738384e+01,-4.805812994141798633e+00
-5.870209439100717574e+00,1.567765831221469774e+01,3.464611821694789651e+00
7.224667404998730280e-02,1.768724074688251235e+01,1.613915069709832784e+00
2.903027607208630734e+00,7.883529347578937418e+00,-2.546552666547803767e+00
-3.197165827158923612e+00,1.390883087603477897e+01,-4.292764388482538607e+00
-5.534844712162374947e+00,4.022289860757228830e+00,-2.101384727946219222e+00
-2.511118085904933572e+00,1.806168537425025278e+01,7.081129820836469690e+00
6.797269747062659739e+00,3.151454086565224078e+00,5.501044672862491325e+00
-5.313628110125102610e-01,1.827335730912941258e+01,8.788371326064083888e-01
-1.727623094621231870e+00,9.021218441409040167e-01,7.427153097103370349e+00
2.738396543665489347e+00,3.079582907878863907e-01,-2.840048339853693538e+00
1.162084697304179182e+00,1.075099695977714021e+01,-4.293582054102547119e+00
-6.326621426815353111e+00,2.540176574834449585e+00,1.650582200128085208e+00
3.206839415603263355e+00,1.598664473703865241e+01,-2.379399508612179137e-01
2.179343544251202136e+00,1.530659853740472798e+01,-3.544815045450230517e+00
-1.963876727733191885e+00,1.211383843563752905e+01,-4.714406515164308864e+00
1.136095588977185322e+00,9.166676074347584802e+00,1.804806282362547698e+00
9.397224601885174167e+00,6.248669136722240225e+00,2.320522348926279677e-01
3.145869670893265413e-01,8.566122537937923553e+00,1.722912290105210298e+00
-5.268401142641664592e+00,1.764954368338593582e+01,-2.514802471232772785e+00
-4.067764675969150368e+00,2.907597144992388749e+00,6.012375271228559193e+00
6.288275534346225992e-01,1.135470525527034624e+01,-4.531061596811611025e+00
3.244243940669903736e+00,1.300147772494520559e+01,-1.502681860913142708e+00
7.321267809538448690e-01,8.212910117905000362e+00,7.912448297730560576e+00
2.064051620287747468e+00,8.622865315291072363e+00,1.457479073040038653e+00
2.977769438418859327e+00,6.041983166016972717e+00,4.076446029069452637e-01
-6.035541585738592119e+00,1.176586161974174161e+01,3.014247806191742374e+00
1.454440267350691485e-01,1.104144847657612516e+01,-4.679054976005884825e+00
-6.345212056144248436e+00,4.825183177066698192e+00,5.408977973786324167e-01
-1.257708745227296976e-01,1.941847033067335460e+01,-4.737262748132469170e+00
-4.540533176278459315e+00,2.770882281862567798e+00,5.546488182118551435e+00
-5.760455188772366952e+00,1.959967927820639133e+01,-1.677670471278480235e+00
6.369616292171818017e+00,1.088988012270135641e+01,5.893918499726746418e+00
-5.395567447320802623e-01,5.074012219125942913e+00,7.765894345196453941e+00
-1.194125006086435681e+00,4.909980242001537043e+00,-4.809723586354064828e+00
1.822190325421030765e+00,4.704787613586141504e+00,1.595957784248462241e+00
9.476727545063679869e+00,1.049733984671041576e+01,-8.909113342118053502e-01
1.481856482726009894e+00,8.693547986800933103e+00,7.901614929057772407e+00
9.432400552976645258e+00,2.936245077100791967e+00,-1.917533044445101309e+00
-5.303840912262795193e+00,7.033455420471095287e+00,-2.464056193266908057e+00
-5.605167862331723594e-01,4.359847041636393250e+00,6.834455474713307943e-01
3.283025561624050237e+00,4.317253301537899546e+00,-7.724371866697494760e-01
-6.032114759822803762e+00,1.585588079505816772e+01,3.024698806124760608e+00
-5.731943042678661726e+00,1.751656147411530995e+01,-1.736090405884734844e+00
2.559197025751529075e+00,1.881527113115310712e+01,-3.103876239609910659e+00
-6.189265605714068919e+00,1.607187282228057512e+01,-4.713003117556251453e-01
-3.296005191845707394e+00,6.515217237731238953e+00,-4.243060884867784210e+00
-5.434725626845021695e-01,1.403680557865504497e+01,4.844676722972357519e-01
-4.891181868746961925e+00,5.593726646224990162e+00,5.136945477933439363e+00
2.027428879963872443e+00,1.179443220761235622e+01,1.480953852881747856e+00
-1.193651809278943210e+00,3.279276731933915556e+00,-4.809744511300543479e+00
2.436516174379098398e+00,8.255133166277035528e+00,1.158297033077983595e+00
2.216808719202216338e+00,6.964820704131938101e+00,1.348905375097158466e+00
-1.122125753708018259e+00,1.964478617733957577e+01,7.625762933573144942e+00
-3.017785671384930701e+00,8.097115034273796752e+00,6.796211225825789626e+00
-5.192461364247789035e-01,4.990600877694911119e+00,3.984265383866402721e-01
8.462637696061672266e-01,9.241981983701979431e+00,1.819023838916414393e+00
3.250700315412970554e+00,7.653457015076366332e+00,-1.461359763662289479e+00
1.564184935370950491e+00,8.696250941643198118e+00,1.704359960294250298e+00
1.770573074897739074e+00,1.991980150518219617e+01,7.878539421021041989e+00
-6.149468390792953265e+00,3.446312311497659042e+00,2.626321401446072290e+00
-6.347318010867809335e+00,1.725069444268343943e+01,5.716988269887212093e-01
7.526706218124469272e-01,7.211085671050976309e-01,1.814132762093007223e+00
8.710561364819167096e+00,8.040055094918487910e+00,2.711903862558270539e+00
6.038911058977531887e+00,1.081391290685964623e+00,6.163893032805844996e+00
2.357620108200226827e+00,7.362850312975909972e+00,1.231934128756887015e+00
9.371039444754025283e+00,1.441125016600108211e+01,-2.413512992652770528e+00
2.462856366001911823e+00,7.941371566479369370e+00,7.780045271172995491e+00
9.464018556836039764e+00,5.784800069185831006e+00,-4.935173489521701984e-01
-9.854867212543626243e-02,3.003026216987463304e+00,1.502051452551253607e+00
7.434164346968000991e+00,2.902313640746909673e+00,4.803672821319950437e+00
8.584052619424284103e+00,1.151160998890301279e+01,2.989335809762573071e+00
2.215948947988777284e+00,1.497388512457229659e+01,7.822217298593787227e+00
8.985175819628528515e+00,2.636108604501647967e+00,2.002120536245157734e+00
-5.318366661921847260e-01,9.706046409754474524e+00,4.380769763744527534e-01
1.892674859664333242e+00,1.815588277775441028e+01,1.559510088743302658e+00
2.648861495693003665e+00,1.735673119094160555e+01,9.248497259735576348e-01
6.576713245060995527e-01,1.195067736865073726e+01,-4.520317951613664675e+00
9.229133514735476496e+00,1.360948528663549695e+01,1.151327379274857066e+00
-5.584005451584461710e-01,7.706861326395202383e+00,7.198258862272159941e-01
-3.109045492441292247e+00,3.531220154417071821e+00,-4.334915995450418613e+00
2.422769093339701918e+00,1.370129022773408600e+01,-3.277603400300969749e+00
6.933937114496935283e-01,6.806713813207847963e+00,-4.506697330412143820e+00
2.768549288366882521e+00,1.153209174029342243e+01,7.645090220200144726e-01
6.437528852762247622e-01,9.188309643338987698e-01,7.909041409645945819e+00
6.009373925723415777e-02,7.714226384814891091e+00,1.607049567674480484e+00
9.115382032538085211e-01,1.878495418189722699e+01,7.916315984402863215e+00
9.303712481223133324e+00,7.372800472807519157e+00,-2.806278782918906423e+00
1.046252287096829603e+00,1.555362707340582240e+01,-4.352502263134772065e+00
-7.120315423149664591e-01,8.956356975047658153e+00,-4.806995374611718219e+00
-5.397668246067379272e+00,1.100857667118803462e+01,-2.323820968061827585e+00
3.288363862366459500e+00,1.452254593727385767e+01,-9.669963697923964485e-01
9.471969597599130708e+00,1.973634407371040922e+01,-1.312388918347776823e+00
-5.600583464942165968e-01,6.717861957474600132e+00,6.106825604684885667e-01
-1.730366717006991628e+00,1.020018859120291843e+01,7.426123099585697496e+00
7.841283401455514390e-01,1.212489300458453911e+01,-4.470507713304288977e+00
-6.345753572923105601e+00,2.511029668501580936e+00,5.486095903966238252e-01
-5.955182731094084581e+00,1.844655643818648016e+01,3.245581362398201719e+00
8.922829371164681334e+00,9.585515044776396820e+00,2.179649084019611660e+00
9.062033122934536777e+00,9.093243877690373012e+00,1.765339449155018503e+00
-5.538171984184927510e-01,9.563596058526842469e+00,7.637015873794343879e-01
-5.395086916619575845e-01,2.926527994501739727e+00,8.450781697470141074e-01
3.271297393263508990e+00,9.220128570505856658e+00,-6.258762440190522858e-01
-4.176822114068283187e-01,1.162905089515484214e+01,7.789219152623864773e+00
2.180650891036573835e+00,1.858593150951785944e+01,1.376228181264927075e+00
-2.842699172869520008e-01,6.260306875301575147e+00,1.330227686815028676e+00
-1.462162437888835154e+00,1.038380899166107341e+01,-4.790456252344896804e+00
2.981289343760384902e+00,2.539891482740439521e+00,7.665565131929177767e+00
2.981668555896935136e+00,1.779441733019216088e+01,-2.380413325342324082e+00
3.153239995178616084e+00,1.128141208032860376e+01,7.619672136202510160e+00
-4.617504246748191377e-01,2.221492386846404266e+00,1.066561538207134952e+00
1.967048379240477152e+00,1.135866201963866295e+01,1.517639314842662790e+00
-6.177576570251766874e+00,1.281886113826391238e+01,-5.191180701749589232e-01
2.503588940954285746e+00,1.067504842851948510e+01,-3.177122398128916725e+00
-4.242828849065302110e-01,1.947218927878947881e+01,2.196950406401709521e-01
-5.498024368485300961e+00,1.844055554957100274e+00,-2.163321181527192660e+00
9.248904084248055213e+00,1.792361607205352758e+00,1.065521012007391244e+00
-6.262383844330790872e+00,9.746554966221836480e+00,-1.227494688886896779e-01
1.407671248818215037e+00,4.843228033863287152e+00,1.752183598611747772e+00
9.273913105963422776e-01,5.335078592072861170e+00,7.916461765187114530e+00
-9.139126588134619533e-01,5.688203303768402108e-02,-4.814017829939431614e+00
-6.357843363738346021e+00,4.434202574142986464e+00,7.877592513189674017e-01
-1.354209280446667441e+00,1.759020536558688974e+01,-4.799996622328058571e+00
5.419317663571057153e+00,1.576185777694093204e+01,6.601904982728057369e+00
-1.786731951232264581e+00,4.591368648291154209e+00,7.404693366312156577e+00
-6.360909164736286314e+00,1.043803888589104112e+01,9.534189485750381721e-01
8.965096675359192080e-01,1.769746959814486598e+00,-4.422425467873668303e+00
1.008947084265116478e+00,9.653051011072328436e+00,7.916709742100855429e+00
1.006947990677825366e+00,5.522536332496532197e+00,-4.371522466215549407e+00
6.142277762688989284e+00,1.033475678005331844e+01,6.082427522011305321e+00
-5.573582093467528420e-01,4.108037172380485380e-01,5.738106176510778811e-01
-3.695058159315765423e+00,1.054208168280525371e+01,6.325032450457882760e+00
-4.288534737568844513e+00,5.475740034618652885e+00,-3.581523413365588215e+00
-5.313708983821264553e+00,1.996904399299920385e+01,4.542134185280755965e+00
-3.970669209012283596e-01,1.521745757340833904e+01,1.181713694584927810e+00
-4.619858248345437346e+00,4.706727414544619847e+00,5.459240955158536579e+00
-3.454659369069714714e+00,2.636157925062341256e+00,-4.157739472710221484e+00
1.722259728506704946e+00,8.133913545563354219e+00,-3.940390942105755467e+00
-5.117674725110194167e+00,7.875076699938907687e+00,4.834567251952035960e+00
1.188875221266830984e+00,1.514220960411757844e+01,-4.279328298435843614e+00
-6.069248156979474729e+00,6.032800150906902914e-02,-9.011507639404809922e-01
-5.263177109239193241e-01,9.984882062378041212e+00,4.197005624373140731e-01
8.850834447876131605e+00,1.522502759875901646e+01,-4.405446921564696083e+00
-5.468055902169778326e-01,7.211390412899792324e+00,7.764443006830511251e+00
-4.853406144263776589e+00,1.498713317008578905e+01,-3.035174992828007401e+00
-1.678601893904505538e-01,1.642105321558248932e+01,1.445471850997650298e+00
1.290834831528545168e+00,9.031615539060913633e+00,1.779482617467428085e+00
-2.649294456954703225e+00,1.563091595359941977e+01,7.008561654153493414e+00
3.275688774066041198e+00,1.239202401338687487e+01,-1.250561127774082681e+00
-6.235629800589092220e+00,1.354870927972781658e+01,2.251664474688563899e+00
-2.764838773852317466e+00,1.232536540488084320e+01,-4.480889883456967482e+00
-5.922874218580835404e+00,1.924871473031894809e+01,3.331561312511615469e+00
5.774213796246562280e-01,1.506283638276575232e+01,1.791803928667604628e+00
-4.735837861976398000e-01,8.649246269487598227e-02,2.958616643328654816e-01
-4.919499473281632618e+00,2.236143588080596878e+00,-2.960268161238554629e+00
9.117446841629071486e+00,1.477235662574400621e+01,1.579464026641421714e+00
2.852777050072244358e-01,8.507639986176030789e+00,-4.642256546722373756e+00
9.476663325130537885e+00,7.374485446816616552e+00,-8.851986794855822849e-01
-3.031963004312751675e+00,7.233300086817586738e+00,-4.370155385123977609e+00
9.470596238490589514e+00,3.312926532984481476e+00,-6.385033429865129007e-01
3.132981699602743308e+00,3.095017403786251009e+00,2.662418491958742917e-02
-1.375451762668648215e+00,1.249938795761149635e+01,-4.798309140774587256e+00
9.074012950245247566e+00,1.685251591627247336e+01,-3.744118378042635698e+00
-7.552977538287435066e-02,8.673755316268816351e-01,1.519245573411304173e+00
-4.215415578575258393e-01,1.560306189965673163e+01,2.160964238496342615e-01
2.873226240285395305e-01,1.834423373314595906e+01,1.713046967697204215e+00
2.740325330538372572e+00,1.625855876158449576e+01,7.723191739885341356e+00
-6.357229996691746265e+00,6.059716363615191170e+00,1.207488032617681784e+00
-1.720565908798305177e+00,1.362858368294382672e+01,7.429796901741865689e+00
-5.937622782923594578e+00,9.130528785073421361e+00,3.292754229888751105e+00
5.133065649547917886e+00,6.680422746844298487e+00,6.777786486374060893e+00
-4.388592891239676774e+00,1.071976055890783286e+01,-3.495545188703301331e+00
2.571653981652203491e+00,1.723172529765704653e+01,1.016368248950955566e+00
-5.316451276409758231e-01,1.116160308085735231e+01,4.374081682805868732e-01
4.720988947947215020e-01,4.507278632794349704e+00,7.899578836337785681e+00
7.166824614535529658e-01,1.162098065243761802e+01,-4.497628141914892907e+00
2.408289402499153020e+00,5.855081083382054352e+00,-3.294917095355024639e+00
3.252587000941138839e+00,1.011371640250264115e+01,-1.448623951964550516e+00
-5.578001017201167366e-01,1.581000632524012062e+01,5.785399084783476864e-01
5.117381668390350136e+00,1.852910007985722274e+01,6.786976513514414222e+00
8.611661987677401431e-01,4.353565432128878143e+00,1.819366265580469655e+00
5.898619386985285651e+00,1.646986063229076791e+01,6.270433287168349246e+00
1.694021533268956992e+00,1.643029955813173615e+01,-3.961256117661725362e+00
9.208459226412076148e+00,1.030070626772270082e+01,1.237298708678468806e+00
5.156749660641566813e+00,3.418749717020381773e+00,6.763822682519446516e+00
1.627215166268874080e+00,1.773833336765506985e+01,1.681361731348880673e+00
-4.849779999373157402e+00,1.601195498090689284e+01,-3.039208268193236417e+00
2.574118437548389426e+00,1.468898916996850446e+01,1.013573483110762341e+00
-4.423264973109158893e-01,3.987846643718278017e+00,2.448566201986624169e-01
6.915854309599199112e+00,5.364298855695894375e+00,5.382270841690175445e+00
6.995768489899972131e+00,4.720465672855866934e-01,5.299585651589121760e+00
9.198295908554108280e+00,6.122872102581595755e+00,-3.287107712824846040e+00
1.180108001711244414e+00,1.200305834525306814e+01,-4.284019288938182513e+00
9.284860972792379208e-01,3.464467015138092965e+00,1.819443631782093007e+00
-6.007607516166284967e+00,1.497457981776492275e+01,3.097808322236582423e+00
-2.017536690048549446e-03,9.669245351136837030e+00,7.853724485677968659e+00
-5.396708190660103321e-01,1.450491534322341458e+01,4.678469333899019644e-01
1.247950886699857653e+00,1.840170897394857974e+01,1.787731815741670838e+00
-6.045251090476557287e+00,7.545449495733633327e+00,2.984314884480994579e+00
-3.094923323870896414e+00,1.337223920003083322e-01,-4.341485136937466294e+00
3.957005455272212480e+00,1.886969413703051401e+01,7.350397273492662364e+00
2.734342436021388600e+00,3.257148252445529746e+00,-2.846567135058677422e+00
1.439077291321834706e-01,1.777340259649874454e+01,-4.679433138737549847e+00
-3.038451791229259236e+00,1.051028582636616804e+01,-4.367246877729787258e+00
-5.706816441156838060e+00,9.246675806632453920e-01,3.833153559741493854e+00
2.699283882219972508e+00,1.392900893335772317e+01,8.602889163026777863e-01
-4.675129861429454969e+00,1.169318552126591904e+01,-3.224661179019165491e+00
-6.344944147307438165e+00,5.124541405890024492e+00,1.440825847121830705e+00
6.259694793238236299e-01,1.230375093829448829e+01,1.799764362390285921e+00
3.713156636659266319e+00,2.675532479313638134e+00,7.441875061241176148e+00
6.765194081261979298e-01,1.458155113432475147e+01,-4.513174988226089646e+00
-6.224609446875827068e+00,1.521979017582413718e+01,2.305745074822437068e+00
2.789355478293334745e+00,1.985393279798435628e+01,7.339489907159362225e-01
2.806148616486169534e+00,5.326560904923987039e+00,7.086235302010458481e-01
1.617036484904364135e+00,4.622537288347585260e+00,1.685224154886938663e+00
-5.127180370941869292e+00,3.270039644937727807e+00,-2.706187390624236855e+00
1.733327332050964786e+00,7.266013555601775309e+00,-3.932113028538919863e+00
3.256710463259437471e+00,1.664807146580672992e+01,-5.063646348052552870e-01
-9.721795794408961688e-01,1.539001604712005289e+01,7.666450242903388279e+00
-5.266673862578451271e+00,1.281842131353826453e+01,-2.517246336767493098e+00
2.972373732977954042e+00,1.727300298220740871e+01,7.667835646177119102e+00
-5.821435743219423031e+00,1.137111710669215014e+01,3.580989838625793009e+00
-5.607133426590182879e-01,4.511036791685613778e+00,6.269250026266798281e-01
3.227364971043690023e+00,1.178368743352739223e+01,-1.598142150417007690e+00
-5.905748892196160948e-01,1.505184930198867477e+01,-4.798639677747086552e+00
3.582204419151231889e+00,8.681487291003978868e+00,7.487425166124458187e+00
-1.656151911708994229e+00,1.619450781755472235e+01,-4.767264483655221596e+00
4.968371000865241527e+00,1.351673713205769545e+01,6.872052872474674778e+00
-4.321029645870427816e-01,1.751938281881011150e+01,1.123346337121639671e+00
-5.318388389329665733e-01,8.228961167826490453e+00,4.380845770402082562e-01
-7.996135622213025318e-01,5.794830024698313764e+00,7.709272756223652046e+00
-5.156386137114195023e-01,1.325540664275930247e+01,9.327626319213154771e-01
-1.771222014683371926e+00,1.026064414487906618e+01,-4.749818702573496587e+00
-5.592299314955806455e-01,8.006944540357054052e+00,5.966331636163619834e-01
3.048651875021533897e+00,1.107265958515731441e+01,2.521749604297219283e-01
-4.069328083494364812e+00,7.876025790590102105e-02,6.010970888623954345e+00
1.818089043054941234e+00,1.407085799341599319e+01,-3.866789047193281093e+00
5.161510644231407596e+00,1.522745985640317379e+01,6.761003108528020000e+00
-5.503158297449306513e-01,5.303525896477843560e+00,7.881079082484966358e-01
-5.350132628473863033e-02,1.676648724471779772e+01,1.535024627435135125e+00
3.445547049344464038e-03,1.720088197105188499e+01,-4.711656439212361214e+00
-1.076787919999308007e+00,1.013588826653705510e+01,-4.813497929221770555e+00
-4.659159508163314811e+00,1.127619734879047186e+01,5.414914220632489616e+00
2.632975414812610104e+00,1.326756472148090182e+01,-3.000842837392811102e+00
-5.961068664677217299e+00,1.745222538666978807e+01,-1.210800201477977955e+00
-5.228690984821849241e+00,5.876366566455502038e+00,-2.570316364990434366e+00
-5.585904613093196858e+00,1.352630670601362617e+01,4.073130317544730872e+00
8.467414520436543635e-01,1.205835849191982234e+01,1.819036657217326436e+00
9.393020935098860491e+00,8.116149389118373136e+00,-2.258614291677973007e+00
2.804804665226743765e+00,4.486799246930379681e+00,-2.728874137549184731e+00
3.097459222314834726e+00,1.409893117456299549e+01,-2.085681497780843330e+00
-4.223784561497630485e-01,4.512812203408720357e+00,-4.781871531485219151e+00
-2.010449137310291512e+00,7.730508089897969448e+00,7.314482107215058981e+00
-6.190954122634694912e+00,1.919234437947853777e+01,-4.642522980807651800e-01
7.116763342037152107e+00,1.991380354643763440e+01,5.170125386101572573e+00
-6.237237756651820675e+00,1.102669746452608734e+01,-2.543844290478274872e-01
2.824381018922545117e+00,1.933082313451230760e+01,7.703968439052809813e+00
3.620083414157566626e-01,1.943595273621038544e+01,1.738776414167389150e+00
-3.165153018365877813e+00,1.255357834745988299e+01,-4.308310334411122433e+00
3.245732929531242039e+00,5.192844760205654886e+00,7.593319148493141491e+00
2.796253511859611685e+00,1.193956046510292701e+01,7.236192882793290870e-01
6.450198257225417287e+00,1.986015453156797861e+01,5.823863130579358227e+00
-2.685725425754536211e+00,1.411294388995764315e+01,-4.510397434146613982e+00
3.727298862643241978e-02,4.824592577500985691e+00,1.593743341827362103e+00
-4.641760132267066519e-01,1.027541696586488484e+01,2.793467214539699373e-01
2.167862745211685205e+00,9.260797347758547460e+00,-3.556288428739317720e+00
1.088889276561877839e+00,1.357110238249690859e+01,1.810087362504537278e+00
1.432516645238046893e+00,1.219291549892135151e+01,1.745460626771729862e+00
6.347816991970191003e-01,1.993815833109174562e+01,-4.528862301665125933e+00
-5.238831956341198914e-01,2.484535164819141606e+00,9.059264784183161945e-01
-3.354422730141787934e+00,1.481008537292145810e+01,6.576181329240113449e+00
-4.045195835978413257e+00,1.628985839475425834e+01,-3.774154323962671587e+00
3.268759877097117350e+00,4.021514500488672539e+00,-1.321505943211375600e+00
6.668480827722113313e-02,1.251571649840118816e+01,1.610791733990870611e+00
1.392366805773253668e+00,1.424153593218553659e+01,-4.162939239060841956e+00
3.777607081095335495e+00,6.311587279317903310e+00,7.418546198760460619e+00
7.832686989099483910e+00,1.409811659095860747e+01,4.278114062410210749e+00
-5.899180104825966886e+00,1.287653725743317423e+01,3.392445914218858327e+00
-1.536984928773748704e+00,1.972693968621619387e+00,7.495783932132126459e+00
2.526096662322063757e+00,6.115639350530930329e+00,1.066635114504806969e+00
1.144364140444851907e+00,1.646425038999795376e+01,-4.302878950165352379e+00
2.366287383597543759e+00,1.669016505501874548e+01,-3.344036319578372218e+00
9.274050985468113240e+00,1.073499087169670929e+01,9.505578122206151948e-01
-4.931859206533092177e+00,1.034686313471584640e+01,-2.945960164890787603e+00
-6.055664297197597357e+00,1.681875200104281731e+01,2.951665369074549350e+00
7.799234801034805820e+00,1.722973156487992341e+01,4.325494666169816149e+00
8.955822718633742463e-01,5.660875502276949689e+00,1.819705242669922285e+00
5.129198958118515783e+00,1.271454055746899137e+01,6.780056387510261295e+00
1.543187296052918267e+00,7.961557088707067464e+00,7.897593068595591959e+00
-4.069284376898565925e-02,1.662832835860593406e+01,1.543909231446561003e+00
-1.805070849019986046e+00,7.375323396710267154e+00,-4.744161170372502845e+00
-6.317394980738908927e+00,1.778065094829164039e+01,1.734168580668475457e+00
2.404817826288883964e+00,1.903119304084653862e+01,7.790666779813385290e+00
-3.486218180590482940e-01,8.438995410349492410e-01,1.251461658528426613e+00
-1.057482388427063158e-01,1.226654832831452069e+01,1.496519205558833665e+00
9.320009951320647801e+00,1.142814157275491738e+01,7.194459726946399458e-01
8.974539454163695140e+00,1.520631888697053746e+01,2.033249865415950985e+00
-2.526565358584506704e+00,2.309130868334552389e-01,-4.565356421472770876e+00
1.835764847346185169e+00,3.334056400972236212e+00,1.589176746157157094e+00
3.279141760268685868e+00,1.990370485068794082e+01,-1.207775833337938920e+00
9.429740533291763427e+00,2.833989342354976682e+00,-1.944464393616616382e+00
-5.582518206717858256e+00,8.996843509664715910e+00,4.079526580811240422e+00
2.031790565509035140e+00,4.822318828322512019e+00,-3.685631123734888881e+00
3.239280476913741325e+00,1.921935875836219410e+01,-3.968630414521796546e-01
6.788913772928051316e-01,8.217290684431286962e+00,-4.512269174498199753e+00
2.883962278299936344e+00,6.338028728337381068e+00,5.826773910761803288e-01
3.196449542067298921e+00,1.274574391455204747e+01,-1.743110655447275503e+00
-6.132751102446243330e+00,1.485544521311140898e+01,-6.889021803248198683e-01
3.280510166299492880e+00,1.676060195696982191e+01,-1.188628042996516809e+00
-6.139346321951690832e+00,5.392723625356716788e+00,-6.651165316628843138e-01
6.888229490248234832e+00,1.788940639076266947e+01,5.410351291962279596e+00
-4.926657116835969852e+00,2.109899368640906214e+00,-2.951994031557119147e+00
-6.118520192283201986e+00,7.816947540674144435e+00,2.740752174761563964e+00
8.337115323945006651e+00,1.858277025519120329e+01,3.469918286089625603e+00
-6.166985477310063857e+00,2.243461784306703954e+00,2.557669405446320265e+00
2.872931448002356891e+00,6.042864080498427271e+00,6.014670332775614581e-01
-4.361322056360957822e-01,1.997190292286954971e+01,-4.783471432545631785e+00
8.429323750755591149e+00,7.810446515762608399e+00,3.298639123733494660e+00
-4.225167316793415395e+00,1.768741237530408128e+01,-3.633867825184823541e+00
-6.026739962119501470e+00,1.034538408368762141e+01,-1.029372483099255442e+00
2.176628857343941292e-01,1.307211362775126950e+00,7.878595600192028314e+00
1.403629121862754126e+00,4.471281606476167347e+00,1.753246728683728772e+00
2.702335946307129255e+00,1.324826856560137323e+00,8.562483458808348713e-01
5.439630158601820753e+00,1.044852799982918512e+01,6.588821745027920507e+00
-2.743143183290684295e+00,1.168434478267878163e+01,6.957134059292361172e+00
-3.911511443128941501e+00,9.959965684737557723e+00,6.148682523489009455e+00
-1.119165338299426882e+00,5.641354484351608356e+00,7.626597943461529638e+00
6.407073209813266779e+00,1.442410177567438012e+01,5.861572351754902321e+00
-6.236676486282811460e+00,8.296075590687026491e+00,2.246404079271772769e+00
9.464685751137354330e+00,4.976290327921642387e+00,-1.483710729742229617e+00
2.345753514018131369e+00,1.334879659286702669e+01,7.801028020020266851e+00
2.840416911121808941e+00,1.948569900184808290e+01,6.549897806333919714e-01
2.844484990179170225e+00,1.821836026834138167e+01,6.484391001866762760e-01
8.177481603520885045e+00,1.476545634613552949e+01,3.747100234478602854e+00
-3.993520237961384556e+00,1.396894337625760585e+01,6.078129940601969317e+00
2.359120985469126630e+00,4.829056937752216783e+00,-3.352258126548895767e+00
9.068982513973129045e+00,1.245476979413625074e+01,1.742794560285924721e+00
-4.017550182573376150e-01,1.294210688654467845e+01,1.174347478403655165e+00
-1.832019050346835876e+00,8.467085499054768150e+00,7.387100925617117397e+00
4.289391110722714728e+00,1.278722521062151074e+01,7.211307147217238089e+00
2.642690489002040621e+00,6.036097212160996150e+00,-2.986732106961727862e+00
-6.318341192417709529e+00,3.746885379904245639e+00,1.726033962832540292e+00
1.278877253069405251e+00,1.088590115727261498e+01,1.781877946110056898e+00
-4.921434467655542710e-01,3.636229321404687020e+00,9.978228997070325290e-01
3.287036511725033083e+00,1.150360440590168132e+01,-8.660845142441438993e-01
1.862905094956668894e-01,1.600592460249457361e+01,1.671443638283818034e+00
2.874842764540458173e+00,8.228779611088974377e+00,7.691976972429583448e+00
7.893716766509407678e-01,1.166218646712092344e+01,1.816618478894216127e+00
3.155769408220377326e+00,8.291920167491397820e+00,-1.899781258785378402e+00
-5.575879924351720973e+00,1.204612619584080058e+00,4.092017794111230344e+00
-3.474714946848233232e+00,1.376035966902011687e+01,-4.146454263916700356e+00
-5.739857855049255164e+00,1.665683463348206317e+01,3.763210850445386502e+00
1.239296950157855015e+00,1.338494552067839116e+01,-4.251844083813312025e+00
1.893103001466837076e+00,9.628555984933646172e+00,-3.806004202450381957e+00
3.286182575614411849e+00,9.675664907862493891e+00,-1.080475132112879377e+00
-4.482292515202159766e-01,1.213045559797964046e+01,2.536989297829574386e-01
-3.680568738582041810e+00,3.543040382132185417e+00,-4.023859741376965005e+00
9.361194171092598992e+00,5.369580753988416610e+00,4.803492594994572262e-01
3.224763393333180517e+00,1.172126312845857754e+01,-1.611603813059013568e+00
-5.425886473236811725e+00,1.372638617492237856e+01,4.359024304961818252e+00
-3.701726043173385050e-01,1.363692290708137023e+01,1.221757377593662763e+00
-4.833484886220658971e+00,9.530523944872042463e+00,5.208822465969216609e+00
9.204604510241261028e-01,1.870917216906668656e+01,1.819559997021044762e+00
2.430139116264878218e+00,5.279987211660830404e+00,-3.268713592993965467e+00
-1.196812239305608427e+00,1.413015375147747399e+01,7.604270170060838829e+00
-6.140425786681710463e+00,5.529792148279987885e+00,-6.611874902157420797e-01
1.798070856922729943e+00,5.571897194004524323e+00,1.607730767200473476e+00
-5.578785751542431726e+00,7.460939682145744101e+00,-2.025110738940020472e+00
1.151100523583968638e+00,4.007811684697886179e+00,7.915134982320114254e+00
3.080716886926984088e+00,1.973665517455724228e+01,1.728031518645427034e-01
2.306144929862460113e+00,1.209532969310791195e+01,1.276733170112154037e+00
1.398686896396764912e+00,1.419495474884467967e+01,1.754534970194807419e+00
4.934125305632757197e+00,1.905538603678596488e+01,6.891041437859713348e+00
3.009992212494543740e+00,2.714021466194971310e-01,3.399506442264736972e-01
3.129582347365740702e+00,1.955769241278667536e+01,3.690788109166905778e-02
1.504854145189252312e+00,6.856781902079389646e+00,1.724028895189532395e+00
9.181596154213021777e+00,8.228806956465422928e+00,1.343954005129663010e+00
1.926406280671493221e+00,7.891728274691978129e-01,-3.778075189364347608e+00
-4.142167740574005386e-01,1.993587898922901047e+01,1.154137507162295462e+00
-5.529154017852957459e+00,1.923834459055167656e+01,4.178230710179992258e+00
7.715170050978387373e+00,1.104849958425857537e+01,4.441734059487613351e+00
6.684466651071565568e-01,1.235112924812196766e+01,-4.516246263806229067e+00
-3.607609037189082546e+00,1.411731136280629784e+01,-4.068744836236331430e+00
-4.210734665706318047e+00,9.578890783442501444e+00,-3.645568863641761137e+00
-2.921728977775353453e+00,1.390288353884805872e+01,6.854308034535535832e+00
-1.161205238649333227e+00,1.503492448401424220e+01,7.614619515221623836e+00
9.367479523275367370e+00,1.075420963797166252e+01,4.402215300649567342e-01
-5.767024718142882200e+00,1.526637704990012612e+00,-1.663975263043644182e+00
3.287524014415641904e+00,8.962420340642660577e+00,-8.851369572642133754e-01
3.579907908877174444e-02,7.368162843209864477e+00,1.592864956745072558e+00
5.432597629798763705e+00,1.560785396542398118e+01,6.593360645707580403e+00
-4.649422848226184790e+00,7.702452745202630346e+00,-3.250576506177757174e+00
4.232554962684870192e-02,8.957030094057650160e+00,1.596736777509201177e+00
-5.534861269878103007e-01,6.355906741134596416e+00,5.409043654370270238e-01
-4.958414195359172716e+00,6.101981563219530003e+00,5.050683788181142830e+00
-1.580552094645560679e+00,1.016544345665412052e+01,7.480605736215569124e+00
9.206611689809664156e+00,6.829738726054110920e+00,1.244809360147604682e+00
7.641930529679759942e+00,1.732789683247679680e+00,4.539865682818740922e+00
-6.220909925296659537e+00,1.442107253871631745e+00,-3.324901616091907597e-01
-2.359512905221588408e+00,9.999683776373591293e-01,-4.616856126047504283e+00
2.392890806028509232e+00,5.339674667325240875e+00,-3.313112750958559616e+00
2.819573921632636537e+00,1.993326705892940964e+01,6.879329691362195964e-01
-6.320138132819619337e+00,1.361495563165183675e+01,2.701982930037497566e-01
-1.426094408071547637e-01,2.829847688539153250e+00,-4.740319589576814430e+00
-1.222911135967461455e-01,1.656844047202205417e+01,1.483517163536604011e+00
-5.550226749979993102e+00,1.634932935678865107e+01,4.139713842681731926e+00
4.200986863905162294e-01,1.753923100540443158e+01,-4.602225743543635339e+00
2.192228777089276992e+00,1.776752994238226435e+01,-3.531828107143672124e+00
9.116620069476239152e+00,8.271800554890830881e+00,-3.597040088530679469e+00
7.320941307567058409e+00,9.930466914877566609e+00,4.939132345333943519e+00
-4.476300543135862675e+00,1.280849561449985075e+01,-3.416664501769671070e+00
3.283369732568392596e+00,3.832913682259406762e+00,-7.785522183004426333e-01
-8.877787773235492619e-01,1.546960597376352275e+01,-4.813588558784209326e+00
4.604813248917908552e+00,4.785978589394474625e+00,7.063255509703743940e+00
-6.335888410902545509e+00,1.212811330257080833e+01,4.245938874926054041e-01
-6.277729962150699450e+00,9.965739353279342794e+00,-3.368032792173047962e-02
3.481875527103388990e+00,3.292930320240479158e+00,7.520664975281660780e+00
2.192931001468395369e+00,1.129439056993057200e+01,1.367066077591964079e+00
2.553310575404128091e+00,1.834276130211416955e+01,1.036922817541554354e+00
-5.486724905783813888e+00,1.594017371313092291e+00,-2.181984737435718635e+00
-5.543725153029263275e+00,2.961994783920205432e+00,-2.086182183385748790e+00
-5.126321664267411649e+00,7.058550168188142848e+00,4.822320606655183362e+00
-1.016095442429981038e-01,1.014926333948517900e+01,-4.732764446532176095e+00
-5.293632876696341860e+00,4.064337903402670094e+00,-2.478792504331847280e+00
3.275273597943517245e+00,1.791516646746642749e+01,-1.255290243273429640e+00
1.562907082367917644e+00,1.785894244010337673e+01,1.704803676469926588e+00
2.083213740580535323e+00,1.441121550169930821e+01,1.444817139976062315e+00
2.560377156892009065e+00,1.379088871563889107e+01,7.761211805964783217e+00
3.092783371984007879e+00,8.621200527684022674e+00,-2.099203009086010319e+00
-5.596284122408359263e-01,1.938202965429695013e+01,6.028790652476896383e-01
-5.585657579529245131e-01,1.746688956128577530e+01,5.875775978486073026e-01
2.830881005757201585e+00,1.504673596406790281e+01,6.701885760219093990e-01
-5.951371487882598288e+00,1.093985005953518908e+01,-1.236132459200477873e+00
5.989297829215525226e+00,1.755197555801446896e+01,6.202091518361459777e+00
1.709146157018050172e+00,8.270178179351431069e+00,-3.950125905754303446e+00
3.061767119161461714e+00,1.547320511909200391e+01,-2.184852854116396070e+00
1.627100780267170199e+00,7.300767526372089478e+00,-4.009275405414261861e+00
7.242490899507046942e-01,6.663900763039308117e+00,1.811697340067818240e+00
2.490361726003335274e+00,1.657089231248932748e+01,1.104293431046529550e+00
-4.629460067226995434e+00,1.023542304282571891e+01,5.448480134146311826e+00
2.876458852321583493e+00,1.469249585176808104e+01,7.691587323162529799e+00
-5.703509259128935582e+00,1.277998178517611194e+01,-1.792779217027045791e+00
2.825131316186758390e+00,1.886710432910773250e+01,-2.693047452267026909e+00
9.543059834845781797e-01,1.295599469166332440e+01,7.916636506121609962e+00
-3.659604399496596105e+00,2.844930222341799375e+00,-4.036921916297668389e+00
2.786354391084541415e+00,1.151938484074355351e+01,7.384118213582367973e-01
-1.303021195373317065e+00,4.092950429885348740e+00,7.572280101582326672e+00
9.430988611596990978e+00,1.551179592727321932e+01,-1.931925032807745302e+00
2.270429541559148667e+00,3.454249218404692456e+00,1.306408495423729610e+00
1.881521392808586990e+00,9.763744116082939684e-01,1.565483547972676970e+00
-5.519783311891787392e+00,1.027060799793449064e+01,4.195172565980930024e+00
-6.285232521884339008e+00,8.360702605016792077e+00,1.295110423269396280e-02
5.828046171378118423e-01,1.779142534181763491e+00,7.906112422008996887e+00
1.231937838395950058e+00,4.051988474046305910e+00,-4.255909573531067025e+00
-5.328056808319709958e-01,6.940959101571751333e+00,4.414984671559579188e-01
7.320499115101492649e+00,1.261067676562196382e+01,4.939650664197786867e+00
-2.500220176896136848e-01,1.126627789923812450e+01,-4.758320802057424359e+00
5.724164260990338704e+00,1.848175505257687945e+01,6.396727230533990394e+00
-2.610126001938219975e-01,1.291145880741908947e+01,7.816243564665016130e+00
2.377485524729143762e+00,1.711044843652418734e+01,-3.331097612571946698e+00
1.625156912024277478e+00,8.883079173082069957e+00,1.682147406212062268e+00
3.890626649605219534e+00,5.810712430251909311e+00,7.376168125216451266e+00
1.416598848008864486e+00,9.040165925826318727e+00,1.749805177859047767e+00
1.344264320954277503e+00,2.724229291377666673e+00,1.767877948038277358e+00
3.252102555564474473e-01,1.490377901104956315e+01,1.726607283074623522e+00
-5.836673437532749809e+00,5.803986377296428856e+00,3.545280731060397983e+00
-2.468443431609816940e+00,3.017785173700726631e-01,-4.583984753095421638e+00
1.235102953809079418e+00,6.122958534083955406e+00,1.790019207821462732e+00
4.697139254730896774e+00,1.646984394495301274e+01,7.016837403018961083e+00
8.443241099895033130e+00,1.271284731118655742e+01,3.271995477115453799e+00
2.560068576136350860e+00,1.964053004735005814e+01,-3.102699420669777108e+00
2.223199549035741462e+00,8.423980628391298353e+00,1.343966156613325857e+00
-4.474492169257339169e-01,1.678933161287801124e+00,2.525116330483073157e-01
5.312916782400723958e-01,4.936029201231089125e+00,1.782930236222856735e+00
-4.062077384321900908e+00,1.537910323419515102e+01,-3.761502133996969199e+00
9.137841620218418726e+00,7.239365041921730359e-01,-3.520374063999008207e+00
-1.855751839399369274e+00,4.912029511139515137e+00,-4.735241710667660975e+00
-4.206880906965889899e+00,1.542546597901976391e+01,-3.648679566926028794e+00
3.137087992757088717e+00,7.305677870395548723e+00,-1.963298117913959917e+00
8.518278633915688403e+00,1.129677890270292018e+01,3.124460568864530163e+00
-6.046570577516491518e+00,1.949224976367583650e+01,-9.707454351631984446e-01
1.543318746320409884e+00,2.839780793104769163e+00,7.897583939235517825e+00
-2.884578996721715693e+00,1.896401642179463920e+01,-4.433400602861314432e+00
9.422336791608721285e+00,6.581765353828201270e+00,2.274294183915884227e-02
-5.812821367686592744e+00,7.526250765186157210e+00,3.600929721628594482e+00
-5.395842563827486948e+00,1.496176774189170899e+01,4.409333959096013444e+00
-5.318263779469663000e-01,1.053766080152787410e+01,8.770510718980878417e-01
-5.595071404450679964e-01,6.446812040502605257e+00,6.008958907332785371e-01
2.624309176681112188e+00,5.529554470669184596e-01,9.548687280387219145e-01
2.520658869911279742e-01,9.715567024968789767e+00,1.699452852942715975e+00
7.170761269164411811e-01,4.257810768742440466e+00,1.811011626766247051e+00
-6.108329525867031151e-01,5.208904387249695844e+00,-4.800250712079471960e+00
-2.851779158753094401e-01,9.887347073675092801e+00,-4.763654477110135232e+00
3.239744394560344354e+00,1.248091381469789951e+01,-3.994868262929424652e-01
-5.410830414574926417e-01,5.325586781485577959e+00,4.738189342270374693e-01
6.974797014642095672e-01,4.105313746996341884e+00,1.808991155273772300e+00
-4.450556466535259936e+00,6.577588269503129581e+00,5.642029030607587536e+00
-5.102059724354448988e+00,1.106251721924134657e+01,-2.738552356583033642e+00
3.253923199975063518e+00,1.800143611508070762e+01,-1.439399322732994646e+00
1.111043895988004238e+00,1.230647261197892917e+01,1.807751273857344465e+00
2.324121746383547293e+00,1.843794146472850315e+01,1.261365793129702428e+00
-8.785538000264020431e-01,9.680796337484828484e+00,-4.813403068864765544e+00
4.520337982070154470e-01,2.289035232877987269e+00,-4.592072248339718499e+00
1.157708612365917350e-02,6.210902268884623822e+00,-4.709916733458205051e+00
2.252191674020582735e+00,1.030670030003808968e+01,-3.469810209625674879e+00
4.866931115347889580e+00,1.704530956801522734e+01,6.927697771668981375e+00
-5.369199897185246151e-01,6.021675090087741822e+00,4.568010476353392413e-01
7.543864515562728634e+00,5.936318451197653445e+00,4.666962505635532388e+00
-4.232918114282834821e-01,1.616387734312270652e+01,1.138796333809439121e+00
2.391521180785608269e+00,5.845237076271772025e+00,1.201057129407822055e+00
3.275130807935255017e+00,1.830786721381444337e+01,-6.654972851441620652e-01
5.936702822934545765e+00,9.878900056377769801e+00,6.241960447402275847e+00
1.758636521163345678e+00,4.070266237044275925e+00,1.626229195519635295e+00
2.522264807449654089e+00,1.413346189792922303e+01,1.070745747167016981e+00
1.611586507911033417e+00,1.225910978244212579e+01,1.687268579159266091e+00
2.006219797516650694e-01,1.347697711339865556e+01,1.677850456896232245e+00
6.284344581974524502e+00,1.905580669202436539e+01,5.966174130246043816e+00
9.127098575118200330e+00,1.212498934151392049e+01,-3.559489007202046196e+00
9.477276932362324047e+00,2.031194178258481919e+00,-1.012663218472882543e+00
1.676722070463979586e+00,4.185288847944201862e-01,7.887195118749226630e+00
2.331682143669179474e+00,5.861384119672409909e+00,-3.383324833805207543e+00
7.259161514529867354e+00,5.289045529977601134e+00,5.010767820473527756e+00
1.705952051314655993e+00,4.961232067879604024e+00,1.649518254122858352e+00
1.009332458316772430e+00,3.606350504395050560e+00,7.916708919605167871e+00
-5.880541474143009317e+00,1.111983304195210565e+01,-1.411609594844958959e+00
-6.345725133106652649e+00,1.347777151322395728e+00,1.429675539384943628e+00
-6.304681343284978645e+00,6.885240435497301803e+00,1.462441105419123033e-01
-5.130050415862048574e+00,1.063692856100012918e+01,-2.702459019184052291e+00
-4.243445266425510121e-01,5.441670828695595041e+00,1.136980189348998360e+00
-6.336464442673282349e+00,4.497960890733598838e+00,1.547769858668043730e+00
3.282848183898537719e+00,8.758555935255751379e+00,-1.151559933231329547e+00
-3.719024111881223504e+00,5.176690415434261894e+00,6.306181740405344627e+00
-2.906285865633650989e+00,1.135560273505667972e+01,6.863463284341630555e+00
1.110206536003376376e+00,1.829922629197743333e+01,1.807844150804938099e+00
-2.696799818649128433e+00,6.108408719394495812e+00,6.982749402874437905e+00
3.137156317563694063e-01,1.242988869478031511e+01,1.722605549141825954e+00
-4.532166820043078026e+00,1.019440465284244723e+01,5.555522147038095326e+00
9.012174963361621494e+00,1.033718546284556083e+01,1.921405917413937958e+00
-1.484020992784098159e+00,6.960948373042665338e+00,-4.788231920665820596e+00
8.696763578349612445e+00,1.558212737542372039e+01,2.743399928097211671e+00
-5.754867345126203126e+00,9.218636891886074380e+00,-1.689248823908098052e+00
-6.336823458749011095e+00,4.224083572952100241e+00,1.543659734829166297e+00
7.621555943981860537e+00,1.307978635977206139e+01,4.566667872594266875e+00
-6.281654723466552959e+00,1.372414337820924857e+01,-9.568824635999621103e-03
2.879344323960644658e+00,2.061269968651844309e+00,5.905841143130919901e-01
6.976484491240112495e-01,8.059477514425994471e-01,1.809009476672336580e+00
1.026246371935492924e-01,9.966209583412766193e-01,-4.689385210921964919e+00
1.199718240976201944e+00,5.742246116194120731e+00,1.795881051471672984e+00
-5.526270862985438903e+00,3.653602431491627112e+00,4.183455366798360942e+00
-6.328483016645847670e+00,6.341918228713767647e+00,1.632399276401219845e+00
-2.681746466978020549e-01,1.823092531050596676e+01,1.348001015458379026e+00
-5.596712643004182475e-01,1.662699338532177507e+01,7.012859582423470739e-01
-6.108373868630343928e+00,3.133887980242757720e+00,-7.737553145915573305e-01
2.967112867119416908e+00,8.380182048968405795e+00,4.290777130734210187e-01
-4.008664596003709946e+00,1.428152409722925142e+01,6.064864904189128936e+00
-5.565936771962729512e-01,5.709135356044415133e+00,5.662612253917596039e-01
-5.219081663483396305e+00,1.519388897677926131e+01,4.687298493377799247e+00
-5.050297162495677838e+00,8.141278978806321120e+00,4.928127736933697989e+00
-3.981245258010168264e+00,1.344791879009668012e+00,6.088826991320983595e+00
-3.642337157044616358e+00,1.754172365876992856e+01,-4.047580308303963648e+00
-3.785324129200865695e+00,4.769070719462636276e+00,6.253173770536220033e+00
-2.282458624853774543e-01,1.636533937909441860e+01,1.389343936035254412e+00
1.583486306111707487e+00,7.094453480362945541e+00,-4.039523910508743931e+00
-5.467951307985139842e+00,1.438553208717186216e+01,-2.212649234897148265e+00
6.306487230424568047e+00,3.601375595628240056e+00,5.947593596434573193e+00
-6.203716328855144901e+00,1.563646579214765708e+01,2.402461124616823263e+00
4.677543237631388573e-01,9.044396882558963568e+00,1.768549130755833199e+00
-4.923305325729752102e-01,1.152685929697655887e+01,3.326147220588310249e-01
-6.219742286348862059e+00,1.267324594304523266e+01,2.328917612836580719e+00
-3.071698602522287658e+00,5.030971491065447943e+00,6.762719950792624779e+00
-6.147291280039949513e+00,5.503756562746760395e+00,2.634644774736929929e+00
3.138366902272029968e+00,1.327882346092446042e+00,-1.959084417973086856e+00
5.475313519417216668e+00,6.314264287713178270e+00,6.565639260590178772e+00
3.140028155251644026e+00,5.115786197987633344e+00,7.623340810001507428e+00
9.384415028167477857e+00,1.660218433636425317e+01,3.258426392510965774e-01
-5.098366279943515877e+00,6.057760016447311102e+00,4.861713742945856787e+00
2.938849590764867958e+00,1.734633646946399921e+01,4.838573185272410648e-01
-5.810561780307639257e-01,1.522257750710543256e+01,7.757487740749246186e+00
1.222331518879959500e+00,1.456237081895507934e+01,1.792209000346360881e+00
5.052906125305217655e-01,7.537951550161137604e+00,1.777352306888073885e+00
-3.964068150001030411e+00,1.242761223074680466e+01,-3.833553373102156936e+00
5.424267328797670373e+00,3.937189071951281427e+00,6.598724449802038983e+00
3.104504314164970413e+00,1.072170826629959883e+01,1.092229582968658741e-01
-5.807279024049538663e+00,1.394412590302469557e+00,-1.578021447831199575e+00
3.185058540973543018e+00,5.745319562833104854e+00,-1.497593542035571823e-01
5.562502365582522756e+00,1.273444230538308730e+01,6.507915377257359246e+00
-2.827741361138343734e+00,1.226331402125230596e+01,-4.456371378340360678e+00
-3.044567485113779615e+00,1.419602025738477025e+01,6.779654534751609063e+00
9.327693753145506861e+00,5.945307347782600615e+00,6.775348226621005221e-01
-1.168428341783074309e+00,1.303835591453902154e+01,7.612535235166082437e+00
-5.867899260009633799e+00,6.231133313166850485e+00,-1.441331455632528513e+00
1.280995536209095675e+00,1.261771915459983262e+01,7.911468717224773961e+00
2.513219390463067526e+00,6.359176775352946009e+00,7.770473774654282018e+00
2.096471368777159228e+00,1.470385092651256276e+00,-3.625632065808163773e+00
-5.584401545212149820e-01,9.970253423029721063e+00,7.193243269539935092e-01
9.221511116933138297e+00,1.352506936104361301e+01,1.183447275213614702e+00
-5.545076425720453228e-01,1.820068984839398496e+01,7.582413119108304400e-01
-5.690537811338420404e+00,1.950630604910682209e+01,-1.818145849373419054e+00
-3.494458535532956489e+00,9.458745272882879362e+00,-4.135232749810376696e+00
-2.572309964424836504e-01,3.804494972183656287e+00,-4.759436817204262482e+00
3.258030887358077443e+00,1.681172462863456829e+01,-5.158141988759958885e-01
-8.991938760956184884e-02,1.737595422639356002e+01,-4.730540432304540133e+00
2.358335013822913329e+00,1.351099419715495031e+01,-3.353157096812061866e+00
3.860693143994862325e-02,5.454735455364618346e+00,7.858799339091709690e+00
9.107893032607019990e+00,1.226446953891361602e+01,-3.627880182131545617e+00
-9.790303243685278822e-01,3.338736411340488264e+00,7.664662339425802884e+00
-4.426656827464716670e-01,1.859913812065816785e+01,1.104028429978550108e+00
8.031455680681734322e+00,8.965146705011292738e+00,3.982161583005154881e+00
9.476626902432441213e+00,1.263311270580885370e+01,-1.107036868662789608e+00
2.747499549943344999e+00,1.616658586488178173e+01,7.945521622840101550e-01
8.308565713211980841e-02,1.535423703194663858e+01,1.619912299514194354e+00
-5.600086034760793918e-01,1.388816957282959130e+01,6.950583176318052558e-01
2.511066666645020984e+00,1.421660113893756794e+01,-3.167477582599850461e+00
-6.253218995433705629e+00,6.494101204580582376e+00,-1.725463860365075708e-01
9.385182639378301772e+00,3.187509917548878580e+00,-2.315960031155128274e+00
2.938077229915533994e+00,1.738720923467520496e+00,-2.475104516996415427e+00
2.212809828927159828e+00,1.608839078883031704e+01,1.351978979497322264e+00
-4.830266087072860870e-01,5.628926263160838772e+00,3.136641925070392523e-01
2.018249198823545587e+00,6.252586137383316256e+00,1.486691252012210862e+00
3.443192459496541069e+00,1.476807249163498881e+01,7.533100584694698121e+00
5.913521812617027473e-01,4.014117545963569178e-01,-4.544684700667636967e+00
1.613371070163248655e+00,1.768331885263651770e+01,1.686600956817990715e+00
5.121297272632857611e-01,3.794709718622251149e+00,1.778860313011091154e+00
-2.230713373962544654e+00,1.729308584603559495e+01,-4.652336616805321512e+00
2.216865671228455348e+00,1.921890572338772074e+01,1.348861506754811534e+00
-2.572717773103267103e+00,8.531879556286146027e+00,7.049235166871007152e+00
9.470427277750758321e+00,1.164410266730524768e+01,-6.340453181656680037e-01
6.188645641967276845e+00,1.905479382265631472e+01,6.045039683707249978e+00
7.284787686781937222e-01,1.031723728870593426e+01,1.812088216727687717e+00
9.426606569087482512e+00,1.255258003920709342e+01,-1.738877553547314020e-02
-4.067173430336803897e+00,1.994050072035596344e+01,6.012906162189979753e+00
-6.358847855036103169e+00,1.773559417323567189e+01,1.153910758751593990e+00
-4.277088472152586474e-01,1.477292067181505431e+01,2.242714444226716619e-01
9.293140359654618265e+00,4.326749897826598357e+00,-2.860301821722071036e+00
3.283330041047406223e+00,2.046785135729178862e+00,-1.142994723562682280e+00
1.836362514887234010e+00,1.405410805598454438e+01,1.588875600174829650e+00
1.060242972054543931e-01,1.088775940787557950e+01,1.632222329988604281e+00
8.241179422140703092e-01,1.199379532767146728e+01,-4.453817960495707773e+00
3.256148548835523293e+00,8.774213259663309117e+00,-1.423629012036335295e+00
3.187135915651873486e+00,1.114849734610219301e+00,7.610150749252353464e+00
-5.524948670241753845e-01,2.626524884334113796e+00,7.734865340965276781e-01
-7.939325479734645752e-01,1.962911649968222605e+01,-4.810872831856823240e+00
2.567556472542968482e+00,9.929556211473018479e+00,-3.092550732926042212e+00
6.749051547989421973e-01,1.870967852839162049e+01,1.806394764633642680e+00
-3.985812814449358310e+00,8.744848767260327449e+00,-3.817857912771387419e+00
1.550726893032570386e+00,1.606165662370100833e+01,7.897065913774020451e+00
8.328215839458438907e+00,1.382727679351200045e+01,3.485990042621528673e+00
-5.509066802018970144e+00,1.586179700481230270e+01,4.214410451024112270e+00
6.703396402655575237e+00,3.166941358079600199e-01,5.591892936862723040e+00
1.481632524377082261e-01,6.563475822308166840e+00,-4.678384255069890862e+00
1.594229323690915301e+00,1.440134309873615948e+01,-4.032148170238478713e+00
5.456355776286919479e+00,1.814947643761971108e+01,6.577987241275761399e+00
2.205668621515121330e+00,1.673887368190353797e+01,1.357435491209683986e+00
-4.068900555906304284e+00,1.164653510824475724e+01,-3.756359359912432527e+00
-4.912885289732499494e+00,1.352574812183441821e+01,5.109401050940888034e+00
1.192267208959401775e-01,1.967520462783894430e+01,1.639077992893770208e+00
1.798744249635248815e+00,1.489872573869023498e+01,7.875723812189396433e+00
-5.075574845412879732e+00,1.909752494052182215e+01,4.893407930098050862e+00
-5.784104295277932017e+00,1.156718300744706873e+01,-1.627941888222132816e+00
3.268836836440088600e+00,3.063624525820927147e+00,-6.028064045955681127e-01
7.807485981563431210e+00,5.272292453368683240e+00,4.313868929433678723e+00
9.476586829718298688e+00,9.147163245924767594e+00,-1.110365795622901164e+00
3.283359357039413950e+00,8.007878858505625530e+00,-1.142460712430734437e+00
-5.430365291400095495e-01,1.691529567324051087e+01,8.284866539451355427e-01
-5.288353042409609239e-01,3.777149266455126497e+00,-4.793189995248074098e+00
2.025543561898086597e+00,6.009509948636615917e+00,-3.691290435702021977e+00
2.056586338966296168e+00,1.884443913701664997e+01,-3.662935721863502803e+00
8.719533895681842450e-01,1.734814744005748821e+01,1.819540213450539401e+00
9.232816024308405645e+00,8.196895295695130201e+00,1.135624119508288343e+00
5.051291809977040970e-01,9.590701651049755583e+00,1.777316357513449852e+00
6.938882014357779404e+00,1.029641301993230940e+01,5.358667955348930256e+00
6.843655555414757785e+00,1.386200955137924140e+01,5.455129500713538526e+00
-1.529158902004416731e+00,1.350059663652120179e+01,-4.783326497050508941e+00
9.432251792765603327e+00,2.800498494828598250e+00,-1.919059970832510453e+00
3.799338690515497996e-01,1.120324756967813151e+01,-4.614627716342814878e+00
2.452458135605862122e+00,1.870783819922438695e+01,7.781980374948351376e+00
3.213340324845435081e+00,4.668031293450103369e+00,-1.667653844378192085e+00
7.883175969822645790e+00,9.509426240498070726e+00,4.205334435189208797e+00
2.984733857691510117e+00,8.353462992234517159e-01,-2.373481907451149286e+00
7.644757203378028443e+00,1.035128746916825548e+01,4.536130470829791150e+00
5.099366869444512673e-01,1.079936835116996718e+01,1.778379943275637309e+00
-6.359269228861352374e+00,2.218021045073812481e+00,1.136825393143641616e+00
-2.133725557543086626e-01,6.657122918205937268e+00,1.403835271936733076e+00
3.639632912389080044e+00,1.700141839814754263e+01,7.467752981661942790e+00
-6.360557217623501458e+00,1.530657874204661262e+01,1.063578227649017327e+00
1.939129534004884414e+00,6.554669903342881909e+00,1.533777782738499740e+00
6.347076896017255221e-01,1.225179468880167200e+01,7.908636644312723618e+00
3.263880273890507056e+00,7.432316799408171804e+00,-5.604648700504687442e-01
4.916244028499965779e+00,1.467036112914053447e+01,6.900873717310569866e+00
1.994521757122959427e+00,1.832934019759319710e+01,1.501253458019605969e+00
9.142054076745836255e+00,8.640706498313763362e+00,1.491999164543478473e+00
-4.878192264028239911e-01,3.431832731425488170e+00,3.232355860363297362e-01
9.131555223624816975e+00,1.973545139306963492e+01,1.529722688502266115e+00
-4.630298194004962120e+00,1.333739836638001819e+01,5.447538744502968378e+00
1.781872244889683543e+00,9.035160860756175083e+00,7.877422176584558677e+00
2.561960912970155047e+00,1.499740237074482962e+01,1.027283712960629369e+00
2.473436710352378221e+00,1.769934085404857882e+01,1.121613780444780772e+00
-3.270108158975322699e+00,2.640333443352511633e+00,-4.256335291478056782e+00
1.832270776068374074e+00,1.191691182396889559e+01,7.872241968869708728e+00
8.595394103728796864e+00,5.360395226750580555e+00,2.965444917832968041e+00
-6.359917854844762353e+00,1.735608604033307145e+01,8.706298636346503361e-01
4.425658037004595591e-01,2.333213430461100746e+00,7.897570725358124655e+00
6.011793463959421047e+00,1.534216209047568924e+01,6.184843087299630504e+00
3.164477611193289075e+00,7.753590280450096017e+00,-1.868590710672981547e+00
-6.064335947604179822e+00,1.158214618403162355e+01,-9.164705992955185510e-01
-3.188561852708497124e+00,1.210435114373143861e+01,6.687878776119369206e+00
-2.838609351010601856e+00,4.235123878460916202e+00,-4.452039339813008922e+00
-4.411295005426501881e+00,8.817659921007319213e+00,5.682631899537025966e+00
2.965739212325325003e+00,1.105968531519930664e+01,4.318082568785419073e-01
3.237899309690835725e+00,4.016221113540918708e+00,-3.891271112804171595e-01
3.281989417136535803e+00,8.346210305377077532e-02,-7.551390298684492741e-01
3.061686854257585466e+00,1.615598740847892145e+01,-2.185066113966784407e+00
8.216620276528388445e+00,6.791775242040214877e+00,3.681226342313915545e+00
4.587269243510797567e-01,1.109364120148844535e+01,-4.589911130306659537e+00
-2.539540644679997961e+00,1.812532830401438844e+01,7.066503801826661046e+00
2.628151472421258017e+00,8.210411531111571293e+00,9.502293240871702018e-01
7.734271580035898985e+00,3.521796341831444632e+00,4.415667748653212321e+00
-1.739451163688595092e-01,1.760504183277850387e+01,1.440127150629847419e+00
-4.152550601225689419e+00,3.763398511545956726e+00,-3.691928789455735771e+00
2.547439632009477872e+00,5.633859835494401835e+00,1.043410712963840803e+00
3.277920310883604138e+00,1.394920619771064629e+01,-1.223701160602409743e+00
2.764744977678599280e+00,2.685097873030886095e+00,7.700024668129594740e-01
9.326336665348216926e+00,9.427235418459215310e+00,-2.684718836517024698e+00
3.282251782652132022e+00,1.225256878097999369e+01,-1.161660507918314655e+00
8.186264497478767055e+00,1.686509878980417909e+01,3.732429222062771945e+00
5.413212195900989343e+00,1.568477698643997087e+01,6.605821530986160539e+00
9.374379276943662020e+00,1.492275135305193778e+01,-2.391099427475823713e+00
-5.872543562954292362e+00,1.875279940560360359e+01,3.458885619618675911e+00
2.655715792497987948e+00,9.612423367474555391e+00,-2.967601664955579199e+00
2.080115119973789284e+00,9.600328893772701377e+00,1.446882549341095059e+00
-5.585641805153708228e-01,9.263717116477984348e+00,5.875576385753793485e-01
-6.360668203745732718e+00,1.171831119650805064e+01,9.227929762621296383e-01
-1.577793725835970329e-01,1.972950653334478588e+01,1.454184348735069188e+00
1.984397327021284019e+00,1.466359750212951063e+01,7.854651473983128795e+00
-5.343381726236382079e+00,1.191224855439578612e+01,4.494926623600580484e+00
-6.357008580066916714e+00,3.834892528926880928e-01,1.213834463401417763e+00
8.298037166525716657e+00,1.332670075438888091e+01,3.539920405560043726e+00
9.418346246944230060e+00,6.064928473166517620e+00,5.884549426610505979e-02
2.301767267499998493e+00,8.077702424586590269e+00,7.808451427605264783e+00
-5.475775890900276277e-01,1.611290576400501440e+00,8.045363355277155293e-01
3.249127329552306875e+00,7.034941665479155226e+00,-1.471735429434597675e+00
7.745500732098589136e-01,1.727439809512535973e+01,1.815703518170868724e+00
-3.626956975291037444e-01,1.138258708614965364e+01,1.232283984115589037e+00
2.978471341629630675e+00,4.929635867647526482e+00,4.062170487840478517e-01
-6.115712460380793303e+00,1.090297553474145253e+01,2.750747043115473467e+00
9.476771149132062533e+00,6.967879558466072432e-01,-8.949769087989163374e-01
-5.139073015023669200e+00,8.045317128827548459e+00,4.804158269908567647e+00
-6.354907221128579309e+00,5.837753856466112445e+00,7.099527513337167139e-01
6.072926089753586387e-01,7.749982709680374171e+00,1.796866825420234015e+00
2.121525365370688476e+00,1.482712679612043161e+01,-3.601681286035780083e+00
2.819224284118354351e+00,1.601087891405185104e+01,6.884769629881211106e-01
-5.737155364328271112e+00,2.639238280951745619e+00,-1.725531410320962911e+00
3.074000519926108677e+00,6.969536156268252292e+00,-2.151864527153407369e+00
-5.063127629323155965e+00,1.370189708050101629e+01,4.910560688963195197e+00
6.723861529010856763e+00,1.755641137506426830e+01,5.572319560920647064e+00
4.141956255320840552e-01,4.781095575714000567e+00,-4.604074093838196546e+00
5.760980281746701931e-02,2.695097347752077876e+00,1.605627682688076208e+00
2.570040899857147121e+00,4.003875948412214392e+00,7.759277958567005307e+00
-3.177608803842065788e-01,6.714908683374476439e+00,1.290907814625513073e+00
2.612672740139843075e+00,9.317541333473350562e+00,9.687900940097857738e-01
-6.358241272078431372e+00,7.760112265359031980e+00,1.175797028746538908e+00
-6.186145000274279049e+00,8.775956106242263743e+00,-4.842303226604556254e-01
4.440530787235225652e-01,1.092047081034941414e-03,-4.594634088968289731e+00
-3.614383000485702713e+00,1.025083511056257457e+01,-4.064644892840006740e+00
9.264976645778496334e+00,2.932212084785843498e+00,-2.996916320372316811e+00
-4.934513602109277031e+00,9.151586174325526457e+00,5.081667719575113651e+00
3.067418162732628684e+00,2.122169236885849131e+00,-2.169735579341995013e+00
-4.920621862175980965e+00,1.261746557796568169e+01,-2.958972830868435544e+00
2.646246564218198927e+00,2.353677989233466938e+00,7.743599780392151466e+00
2.154064872336680203e+00,4.088225192629890259e+00,1.395658235218810939e+00
3.052231243488119805e+00,9.334410540009105972e+00,2.436352270760493988e-01
